"Collection","Title","Minutes","Status","VideoId","Embed","HLS","Iframe"
"1 часть","Видео-конспект — Вебинар 1. Решаем все прототипы ПЕРВОЙ ЧАСТИ из СБОРНИКА ЯЩЕНКО 2026 — №1-12 из ЕГЭ по Математике","56,3","4","8ee43dc3-1996-44a4-9b8e-f02687e1141c","https://iframe.mediadelivery.net/embed/726880/8ee43dc3-1996-44a4-9b8e-f02687e1141c","","<div style=""position:relative;padding-top:56.25%""><iframe src=""https://iframe.mediadelivery.net/embed/726880/8ee43dc3-1996-44a4-9b8e-f02687e1141c?autoplay=false&preload=false"" loading=""lazy"" style=""border:0;position:absolute;top:0;height:100%;width:100%"" allowfullscreen=""true""></iframe></div>"
"1 часть","Видео-конспект — Вебинар 2. Решаем все прототипы №12 из ФИПИ и ЕГЭ прошлых лет — Производная с нуля и до ЕГЭ — Часть 2","20,2","4","c8fe8259-646c-4cb8-a695-15af52509b77","https://iframe.mediadelivery.net/embed/726880/c8fe8259-646c-4cb8-a695-15af52509b77","","<div style=""position:relative;padding-top:56.25%""><iframe src=""https://iframe.mediadelivery.net/embed/726880/c8fe8259-646c-4cb8-a695-15af52509b77?autoplay=false&preload=false"" loading=""lazy"" style=""border:0;position:absolute;top:0;height:100%;width:100%"" allowfullscreen=""true""></iframe></div>"
"1 часть","Видео-конспект — Решаем №12 из СБОРНИКА ЯЩЕНКО 2025 — Варианты 19-36","25,8","4","4fafc3eb-8ed2-45be-8c9c-5aaf04ad1eee","https://iframe.mediadelivery.net/embed/726880/4fafc3eb-8ed2-45be-8c9c-5aaf04ad1eee","","<div style=""position:relative;padding-top:56.25%""><iframe src=""https://iframe.mediadelivery.net/embed/726880/4fafc3eb-8ed2-45be-8c9c-5aaf04ad1eee?autoplay=false&preload=false"" loading=""lazy"" style=""border:0;position:absolute;top:0;height:100%;width:100%"" allowfullscreen=""true""></iframe></div>"
"1 часть","Видео-конспект 12 из сборника Ященко 2025 Варианты 1-18 видео с","29,6","4","e1e63f04-74bc-4dcc-8bcd-e2ae810a3bc1","https://iframe.mediadelivery.net/embed/726880/e1e63f04-74bc-4dcc-8bcd-e2ae810a3bc1","","<div style=""position:relative;padding-top:56.25%""><iframe src=""https://iframe.mediadelivery.net/embed/726880/e1e63f04-74bc-4dcc-8bcd-e2ae810a3bc1?autoplay=false&preload=false"" loading=""lazy"" style=""border:0;position:absolute;top:0;height:100%;width:100%"" allowfullscreen=""true""></iframe></div>"
"1 часть","Видео-конспект Вебинар 2. №4,5 Цепочки событий. Условная вероятность","25,5","4","94ec1c94-f8d4-4f1d-b25b-04cb087631fd","https://iframe.mediadelivery.net/embed/726880/94ec1c94-f8d4-4f1d-b25b-04cb087631fd","","<div style=""position:relative;padding-top:56.25%""><iframe src=""https://iframe.mediadelivery.net/embed/726880/94ec1c94-f8d4-4f1d-b25b-04cb087631fd?autoplay=false&preload=false"" loading=""lazy"" style=""border:0;position:absolute;top:0;height:100%;width:100%"" allowfullscreen=""true""></iframe></div>"
"1 часть","Видео-конспект Вебинар 2. №7 Тригонометрия Формулы приведения Практика","24,4","4","4ecfefdc-fc7e-463b-a6a2-1330c6425be0","https://iframe.mediadelivery.net/embed/726880/4ecfefdc-fc7e-463b-a6a2-1330c6425be0","","<div style=""position:relative;padding-top:56.25%""><iframe src=""https://iframe.mediadelivery.net/embed/726880/4ecfefdc-fc7e-463b-a6a2-1330c6425be0?autoplay=false&preload=false"" loading=""lazy"" style=""border:0;position:absolute;top:0;height:100%;width:100%"" allowfullscreen=""true""></iframe></div>"
"1 часть","Видео-конспект Вебинар 3,4 Решаем все прототипы №4 из СБОРНИКА ЯЩЕНКО 2025 ВАРИАНТЫ 1-36 Теория вероятностей из ЕГЭ по математике","38,1","4","094cc73f-ed7a-4ca9-a1e5-24a8e0bf0070","https://iframe.mediadelivery.net/embed/726880/094cc73f-ed7a-4ca9-a1e5-24a8e0bf0070","","<div style=""position:relative;padding-top:56.25%""><iframe src=""https://iframe.mediadelivery.net/embed/726880/094cc73f-ed7a-4ca9-a1e5-24a8e0bf0070?autoplay=false&preload=false"" loading=""lazy"" style=""border:0;position:absolute;top:0;height:100%;width:100%"" allowfullscreen=""true""></iframe></div>"
"1 часть","Видео-конспект Вебинар 3,4 Решаем все прототипы №5 из СБОРНИКА ЯЩЕНКО 2025 ВАРИАНТЫ 1-36 Теория вероятностей из ЕГЭ по математике","69","4","179be99e-a9fd-4794-9831-bba4f43ae108","https://iframe.mediadelivery.net/embed/726880/179be99e-a9fd-4794-9831-bba4f43ae108","","<div style=""position:relative;padding-top:56.25%""><iframe src=""https://iframe.mediadelivery.net/embed/726880/179be99e-a9fd-4794-9831-bba4f43ae108?autoplay=false&preload=false"" loading=""lazy"" style=""border:0;position:absolute;top:0;height:100%;width:100%"" allowfullscreen=""true""></iframe></div>"
"1 часть","Видео-конспект Все прототипы 1 из сборника Ященко 2025 видео с к","27,6","4","104c9f97-17aa-4d1a-ad16-080a55add720","https://iframe.mediadelivery.net/embed/726880/104c9f97-17aa-4d1a-ad16-080a55add720","","<div style=""position:relative;padding-top:56.25%""><iframe src=""https://iframe.mediadelivery.net/embed/726880/104c9f97-17aa-4d1a-ad16-080a55add720?autoplay=false&preload=false"" loading=""lazy"" style=""border:0;position:absolute;top:0;height:100%;width:100%"" allowfullscreen=""true""></iframe></div>"
"1 часть","Видео-конспект Все прототипы 9 из сборника Ященко 2025 видео с к","51,3","4","a4797e5f-40da-4836-8ada-29df9fc73856","https://iframe.mediadelivery.net/embed/726880/a4797e5f-40da-4836-8ada-29df9fc73856","","<div style=""position:relative;padding-top:56.25%""><iframe src=""https://iframe.mediadelivery.net/embed/726880/a4797e5f-40da-4836-8ada-29df9fc73856?autoplay=false&preload=false"" loading=""lazy"" style=""border:0;position:absolute;top:0;height:100%;width:100%"" allowfullscreen=""true""></iframe></div>"
"1 часть","Видео-конcпект Все прототипы 10 из сборника Ященко 2025 видео с","70,3","4","2aed1187-072f-46fa-aae8-450745ab150e","https://iframe.mediadelivery.net/embed/726880/2aed1187-072f-46fa-aae8-450745ab150e","","<div style=""position:relative;padding-top:56.25%""><iframe src=""https://iframe.mediadelivery.net/embed/726880/2aed1187-072f-46fa-aae8-450745ab150e?autoplay=false&preload=false"" loading=""lazy"" style=""border:0;position:absolute;top:0;height:100%;width:100%"" allowfullscreen=""true""></iframe></div>"
"1 часть","Видео-конcпект Все прототипы 10 из сборника Ященко 2026 видео с","8,2","4","6340020f-2fe9-484d-bb88-3837e66c3c20","https://iframe.mediadelivery.net/embed/726880/6340020f-2fe9-484d-bb88-3837e66c3c20","","<div style=""position:relative;padding-top:56.25%""><iframe src=""https://iframe.mediadelivery.net/embed/726880/6340020f-2fe9-484d-bb88-3837e66c3c20?autoplay=false&preload=false"" loading=""lazy"" style=""border:0;position:absolute;top:0;height:100%;width:100%"" allowfullscreen=""true""></iframe></div>"
"1 часть","Видео-конcпект Все прототипы 11 на ГРАФИКИ из сборника Ященко 20","41,7","4","3e2987c6-8f37-4745-a83a-096fc8dd04f2","https://iframe.mediadelivery.net/embed/726880/3e2987c6-8f37-4745-a83a-096fc8dd04f2","","<div style=""position:relative;padding-top:56.25%""><iframe src=""https://iframe.mediadelivery.net/embed/726880/3e2987c6-8f37-4745-a83a-096fc8dd04f2?autoplay=false&preload=false"" loading=""lazy"" style=""border:0;position:absolute;top:0;height:100%;width:100%"" allowfullscreen=""true""></iframe></div>"
"1 часть","Видео-конcпект Все прототипы 45 из сборника Ященко 2026 видео с","14,2","4","6a2061e2-66c9-457b-9eb8-cd429c98e805","https://iframe.mediadelivery.net/embed/726880/6a2061e2-66c9-457b-9eb8-cd429c98e805","","<div style=""position:relative;padding-top:56.25%""><iframe src=""https://iframe.mediadelivery.net/embed/726880/6a2061e2-66c9-457b-9eb8-cd429c98e805?autoplay=false&preload=false"" loading=""lazy"" style=""border:0;position:absolute;top:0;height:100%;width:100%"" allowfullscreen=""true""></iframe></div>"
"1 часть","Видео-конcпект Все прототипы 8 из сборника Ященко 2025 видео с к","34,7","4","f262c94a-8a6f-42b4-ad26-f59059d83694","https://iframe.mediadelivery.net/embed/726880/f262c94a-8a6f-42b4-ad26-f59059d83694","","<div style=""position:relative;padding-top:56.25%""><iframe src=""https://iframe.mediadelivery.net/embed/726880/f262c94a-8a6f-42b4-ad26-f59059d83694?autoplay=false&preload=false"" loading=""lazy"" style=""border:0;position:absolute;top:0;height:100%;width:100%"" allowfullscreen=""true""></iframe></div>"
"1 часть","№1 Видео-конспект Вебинар 0. Основы планиметрии","37,5","4","a4fe4a3b-89ad-4c07-a88b-cba91a1c2404","https://iframe.mediadelivery.net/embed/726880/a4fe4a3b-89ad-4c07-a88b-cba91a1c2404","","<div style=""position:relative;padding-top:56.25%""><iframe src=""https://iframe.mediadelivery.net/embed/726880/a4fe4a3b-89ad-4c07-a88b-cba91a1c2404?autoplay=false&preload=false"" loading=""lazy"" style=""border:0;position:absolute;top:0;height:100%;width:100%"" allowfullscreen=""true""></iframe></div>"
"1 часть","№10 Видео-конспект Вебинар 1. №10 Задачи на прямолинейное движение","22,4","4","9c2be071-604c-4c58-bc23-e402d3c1887e","https://iframe.mediadelivery.net/embed/726880/9c2be071-604c-4c58-bc23-e402d3c1887e","","<div style=""position:relative;padding-top:56.25%""><iframe src=""https://iframe.mediadelivery.net/embed/726880/9c2be071-604c-4c58-bc23-e402d3c1887e?autoplay=false&preload=false"" loading=""lazy"" style=""border:0;position:absolute;top:0;height:100%;width:100%"" allowfullscreen=""true""></iframe></div>"
"1 часть","№10 Видео-конспект Вебинар 2. №10 Задачи на движение по воде и работу","22","4","b5c4006d-825f-4617-aaf5-863552333393","https://iframe.mediadelivery.net/embed/726880/b5c4006d-825f-4617-aaf5-863552333393","","<div style=""position:relative;padding-top:56.25%""><iframe src=""https://iframe.mediadelivery.net/embed/726880/b5c4006d-825f-4617-aaf5-863552333393?autoplay=false&preload=false"" loading=""lazy"" style=""border:0;position:absolute;top:0;height:100%;width:100%"" allowfullscreen=""true""></iframe></div>"
"1 часть","№11 Видео-конспект Вебинар 1. №11 Логарифмическая и показательная функции","20,9","4","5059f256-1a2a-4e10-800d-700eb2657e6e","https://iframe.mediadelivery.net/embed/726880/5059f256-1a2a-4e10-800d-700eb2657e6e","","<div style=""position:relative;padding-top:56.25%""><iframe src=""https://iframe.mediadelivery.net/embed/726880/5059f256-1a2a-4e10-800d-700eb2657e6e?autoplay=false&preload=false"" loading=""lazy"" style=""border:0;position:absolute;top:0;height:100%;width:100%"" allowfullscreen=""true""></iframe></div>"
"1 часть","№11 Видео-конспект Вебинар 2. №11 Гипербола и корень (2)","20,8","4","5c590b75-a6cd-4a6d-9c8d-70910b20748b","https://iframe.mediadelivery.net/embed/726880/5c590b75-a6cd-4a6d-9c8d-70910b20748b","","<div style=""position:relative;padding-top:56.25%""><iframe src=""https://iframe.mediadelivery.net/embed/726880/5c590b75-a6cd-4a6d-9c8d-70910b20748b?autoplay=false&preload=false"" loading=""lazy"" style=""border:0;position:absolute;top:0;height:100%;width:100%"" allowfullscreen=""true""></iframe></div>"
"1 часть","№12 Видео-конспект Вебинар 1. Решаем все прототипы №12 из ФИПИ и ЕГЭ прошлых лет Производная с нуля и до ЕГЭ Часть 1 (2)","23,2","4","d94d5d7b-e0f5-4b8a-8260-82e737994e1f","https://iframe.mediadelivery.net/embed/726880/d94d5d7b-e0f5-4b8a-8260-82e737994e1f","","<div style=""position:relative;padding-top:56.25%""><iframe src=""https://iframe.mediadelivery.net/embed/726880/d94d5d7b-e0f5-4b8a-8260-82e737994e1f?autoplay=false&preload=false"" loading=""lazy"" style=""border:0;position:absolute;top:0;height:100%;width:100%"" allowfullscreen=""true""></iframe></div>"
"1 часть","№2 Видео-конспект Вебинар 2. Решаем все прототипы №2 из СБОРНИКА ЯЩЕНКО за 4 часа l Векторы из ЕГЭ по математике","34,3","4","125a87af-f791-48e2-89d6-97a10e27d1dd","https://iframe.mediadelivery.net/embed/726880/125a87af-f791-48e2-89d6-97a10e27d1dd","","<div style=""position:relative;padding-top:56.25%""><iframe src=""https://iframe.mediadelivery.net/embed/726880/125a87af-f791-48e2-89d6-97a10e27d1dd?autoplay=false&preload=false"" loading=""lazy"" style=""border:0;position:absolute;top:0;height:100%;width:100%"" allowfullscreen=""true""></iframe></div>"
"1 часть","№2 Видеоконспект_Векторы","19,3","4","5f86dafe-0051-4c30-a2ef-c1f43f6bbe05","https://iframe.mediadelivery.net/embed/726880/5f86dafe-0051-4c30-a2ef-c1f43f6bbe05","","<div style=""position:relative;padding-top:56.25%""><iframe src=""https://iframe.mediadelivery.net/embed/726880/5f86dafe-0051-4c30-a2ef-c1f43f6bbe05?autoplay=false&preload=false"" loading=""lazy"" style=""border:0;position:absolute;top:0;height:100%;width:100%"" allowfullscreen=""true""></iframe></div>"
"1 часть","№3 Видеоконспект_Стереометрия_Ч2_№3","19,8","4","2ec1e3e1-2b7e-4f77-a1a7-714a7b62b7d7","https://iframe.mediadelivery.net/embed/726880/2ec1e3e1-2b7e-4f77-a1a7-714a7b62b7d7","","<div style=""position:relative;padding-top:56.25%""><iframe src=""https://iframe.mediadelivery.net/embed/726880/2ec1e3e1-2b7e-4f77-a1a7-714a7b62b7d7?autoplay=false&preload=false"" loading=""lazy"" style=""border:0;position:absolute;top:0;height:100%;width:100%"" allowfullscreen=""true""></iframe></div>"
"1 часть","№3 Стерео №3 прототипы","19,5","4","f853e13f-90c7-4834-b26a-27f872a3c1b7","https://iframe.mediadelivery.net/embed/726880/f853e13f-90c7-4834-b26a-27f872a3c1b7","","<div style=""position:relative;padding-top:56.25%""><iframe src=""https://iframe.mediadelivery.net/embed/726880/f853e13f-90c7-4834-b26a-27f872a3c1b7?autoplay=false&preload=false"" loading=""lazy"" style=""border:0;position:absolute;top:0;height:100%;width:100%"" allowfullscreen=""true""></iframe></div>"
"1 часть","№4,5Видео-конспект Вебинар 1. №4,5 Несовместные события. Вероятностное пространство","18","4","6d1b1286-0a36-4272-a7f9-e6ca9a26539d","https://iframe.mediadelivery.net/embed/726880/6d1b1286-0a36-4272-a7f9-e6ca9a26539d","","<div style=""position:relative;padding-top:56.25%""><iframe src=""https://iframe.mediadelivery.net/embed/726880/6d1b1286-0a36-4272-a7f9-e6ca9a26539d?autoplay=false&preload=false"" loading=""lazy"" style=""border:0;position:absolute;top:0;height:100%;width:100%"" allowfullscreen=""true""></iframe></div>"
"1 часть","№7 Видео_конспект_Логарифмы_и_Степени","20,9","4","b3d5ca2d-6a20-410d-a9ed-d079157f3311","https://iframe.mediadelivery.net/embed/726880/b3d5ca2d-6a20-410d-a9ed-d079157f3311","","<div style=""position:relative;padding-top:56.25%""><iframe src=""https://iframe.mediadelivery.net/embed/726880/b3d5ca2d-6a20-410d-a9ed-d079157f3311?autoplay=false&preload=false"" loading=""lazy"" style=""border:0;position:absolute;top:0;height:100%;width:100%"" allowfullscreen=""true""></iframe></div>"
"1 часть","№7 Видео-конспект Вебинар 1. №6,7 Тригонометрия с нуля Тригонометрическая окружность Основные формулы","17","4","63764472-e87f-432b-87a6-46bff7b59c72","https://iframe.mediadelivery.net/embed/726880/63764472-e87f-432b-87a6-46bff7b59c72","","<div style=""position:relative;padding-top:56.25%""><iframe src=""https://iframe.mediadelivery.net/embed/726880/63764472-e87f-432b-87a6-46bff7b59c72?autoplay=false&preload=false"" loading=""lazy"" style=""border:0;position:absolute;top:0;height:100%;width:100%"" allowfullscreen=""true""></iframe></div>"
"1 часть","№7 Видео-конспект Вебинар 3. №7 Тотальная практика по тригонометрии","19,5","4","38df26fc-e7dd-4a6e-b81b-0bc2ecfdabc3","https://iframe.mediadelivery.net/embed/726880/38df26fc-e7dd-4a6e-b81b-0bc2ecfdabc3","","<div style=""position:relative;padding-top:56.25%""><iframe src=""https://iframe.mediadelivery.net/embed/726880/38df26fc-e7dd-4a6e-b81b-0bc2ecfdabc3?autoplay=false&preload=false"" loading=""lazy"" style=""border:0;position:absolute;top:0;height:100%;width:100%"" allowfullscreen=""true""></iframe></div>"
"1 часть","№7 Видео-конспект Вебинар 4. №6,7 Элементарные тригонометрические уравнения. Решаем прототипы ФИПИ","19,2","4","48df5a28-d03b-4903-8dca-e3717ea20e16","https://iframe.mediadelivery.net/embed/726880/48df5a28-d03b-4903-8dca-e3717ea20e16","","<div style=""position:relative;padding-top:56.25%""><iframe src=""https://iframe.mediadelivery.net/embed/726880/48df5a28-d03b-4903-8dca-e3717ea20e16?autoplay=false&preload=false"" loading=""lazy"" style=""border:0;position:absolute;top:0;height:100%;width:100%"" allowfullscreen=""true""></iframe></div>"
"1 часть","№7 Видео-конспект Вебинар 5. Элементарные уравнения с tg и ctg Методы решения тригонометрических уравнений Часть-1","25,2","4","b6c8d411-138c-4261-90ef-f83ace96ec6d","https://iframe.mediadelivery.net/embed/726880/b6c8d411-138c-4261-90ef-f83ace96ec6d","","<div style=""position:relative;padding-top:56.25%""><iframe src=""https://iframe.mediadelivery.net/embed/726880/b6c8d411-138c-4261-90ef-f83ace96ec6d?autoplay=false&preload=false"" loading=""lazy"" style=""border:0;position:absolute;top:0;height:100%;width:100%"" allowfullscreen=""true""></iframe></div>"
"1 часть","№7 Видеоконспект_Логарифмы_Степени_№6","14,7","4","7f3acc4a-3c02-4667-bd94-4de61a5785c3","https://iframe.mediadelivery.net/embed/726880/7f3acc4a-3c02-4667-bd94-4de61a5785c3","","<div style=""position:relative;padding-top:56.25%""><iframe src=""https://iframe.mediadelivery.net/embed/726880/7f3acc4a-3c02-4667-bd94-4de61a5785c3?autoplay=false&preload=false"" loading=""lazy"" style=""border:0;position:absolute;top:0;height:100%;width:100%"" allowfullscreen=""true""></iframe></div>"
"1 часть","№8 Видеоконспект_Производная_№8","35,1","4","7006f415-0999-4fec-9bac-5a6b569f32e8","https://iframe.mediadelivery.net/embed/726880/7006f415-0999-4fec-9bac-5a6b569f32e8","","<div style=""position:relative;padding-top:56.25%""><iframe src=""https://iframe.mediadelivery.net/embed/726880/7006f415-0999-4fec-9bac-5a6b569f32e8?autoplay=false&preload=false"" loading=""lazy"" style=""border:0;position:absolute;top:0;height:100%;width:100%"" allowfullscreen=""true""></iframe></div>"
"1 часть","№9 Видео-конспект Вебинар 1. Решаем прототипы №9 из ФИПИ и ЕГЭ прошлых лет","19,4","4","b31903f9-1f90-4167-aaa1-bbe35661f1a4","https://iframe.mediadelivery.net/embed/726880/b31903f9-1f90-4167-aaa1-bbe35661f1a4","","<div style=""position:relative;padding-top:56.25%""><iframe src=""https://iframe.mediadelivery.net/embed/726880/b31903f9-1f90-4167-aaa1-bbe35661f1a4?autoplay=false&preload=false"" loading=""lazy"" style=""border:0;position:absolute;top:0;height:100%;width:100%"" allowfullscreen=""true""></iframe></div>"
"Оформление","Выпуск №16 Обзор работ неравенства №15 с ЕГЭ 2023","26,6","4","6fac472b-cdf2-4862-8c75-5eb30107eba1","https://iframe.mediadelivery.net/embed/726880/6fac472b-cdf2-4862-8c75-5eb30107eba1","","<div style=""position:relative;padding-top:56.25%""><iframe src=""https://iframe.mediadelivery.net/embed/726880/6fac472b-cdf2-4862-8c75-5eb30107eba1?autoplay=false&preload=false"" loading=""lazy"" style=""border:0;position:absolute;top:0;height:100%;width:100%"" allowfullscreen=""true""></iframe></div>"
"Оформление","Выпуск №17 Обзор работ неравенства №15 с ЕГЭ 2024","34,2","4","e6429582-be35-4e34-a096-7341a9bf3e6f","https://iframe.mediadelivery.net/embed/726880/e6429582-be35-4e34-a096-7341a9bf3e6f","","<div style=""position:relative;padding-top:56.25%""><iframe src=""https://iframe.mediadelivery.net/embed/726880/e6429582-be35-4e34-a096-7341a9bf3e6f?autoplay=false&preload=false"" loading=""lazy"" style=""border:0;position:absolute;top:0;height:100%;width:100%"" allowfullscreen=""true""></iframe></div>"
"Оформление","Выпуск №20 Обзор №13 с ЕГЭ 2025","29,6","4","b766a426-42fc-4f86-b920-34a37ff37207","https://iframe.mediadelivery.net/embed/726880/b766a426-42fc-4f86-b920-34a37ff37207","","<div style=""position:relative;padding-top:56.25%""><iframe src=""https://iframe.mediadelivery.net/embed/726880/b766a426-42fc-4f86-b920-34a37ff37207?autoplay=false&preload=false"" loading=""lazy"" style=""border:0;position:absolute;top:0;height:100%;width:100%"" allowfullscreen=""true""></iframe></div>"
"Оформление","Выпуск №23 Обзор работы с ЕГЭ 2025","29,7","4","9b6a2530-cd04-4663-968a-484b6ee9ecb0","https://iframe.mediadelivery.net/embed/726880/9b6a2530-cd04-4663-968a-484b6ee9ecb0","","<div style=""position:relative;padding-top:56.25%""><iframe src=""https://iframe.mediadelivery.net/embed/726880/9b6a2530-cd04-4663-968a-484b6ee9ecb0?autoplay=false&preload=false"" loading=""lazy"" style=""border:0;position:absolute;top:0;height:100%;width:100%"" allowfullscreen=""true""></iframe></div>"
"Оформление","Выпуск №3, работа 100-балльника. Всё ли так гладко","54,3","4","aa7d6081-7846-40fe-aa28-6038378acf8d","https://iframe.mediadelivery.net/embed/726880/aa7d6081-7846-40fe-aa28-6038378acf8d","","<div style=""position:relative;padding-top:56.25%""><iframe src=""https://iframe.mediadelivery.net/embed/726880/aa7d6081-7846-40fe-aa28-6038378acf8d?autoplay=false&preload=false"" loading=""lazy"" style=""border:0;position:absolute;top:0;height:100%;width:100%"" allowfullscreen=""true""></iframe></div>"
"Оформление","Выпуск №4, работа 90+балльника. Учимся на ошибках! (2)","44,8","4","d0f88fae-8556-467c-89cf-b3dae63b4b2a","https://iframe.mediadelivery.net/embed/726880/d0f88fae-8556-467c-89cf-b3dae63b4b2a","","<div style=""position:relative;padding-top:56.25%""><iframe src=""https://iframe.mediadelivery.net/embed/726880/d0f88fae-8556-467c-89cf-b3dae63b4b2a?autoplay=false&preload=false"" loading=""lazy"" style=""border:0;position:absolute;top:0;height:100%;width:100%"" allowfullscreen=""true""></iframe></div>"
"№13","Вебинар 10. Решаем все прототипы №13 из СБОРНИКА ЯЩЕНКО 2026 Уравнения из 2 части ЕГЭ по Математике","17,1","4","92a28fb4-f4e1-4a2d-89c1-466dbfbe8286","https://iframe.mediadelivery.net/embed/726880/92a28fb4-f4e1-4a2d-89c1-466dbfbe8286","","<div style=""position:relative;padding-top:56.25%""><iframe src=""https://iframe.mediadelivery.net/embed/726880/92a28fb4-f4e1-4a2d-89c1-466dbfbe8286?autoplay=false&preload=false"" loading=""lazy"" style=""border:0;position:absolute;top:0;height:100%;width:100%"" allowfullscreen=""true""></iframe></div>"
"№13","Видео-конспект — Вебинар 7. №13 Решаем задачи из ЕГЭ 2025, 2024, 2023","22,1","4","9a44e981-8560-4e74-bb44-b618f306b9ca","https://iframe.mediadelivery.net/embed/726880/9a44e981-8560-4e74-bb44-b618f306b9ca","","<div style=""position:relative;padding-top:56.25%""><iframe src=""https://iframe.mediadelivery.net/embed/726880/9a44e981-8560-4e74-bb44-b618f306b9ca?autoplay=false&preload=false"" loading=""lazy"" style=""border:0;position:absolute;top:0;height:100%;width:100%"" allowfullscreen=""true""></iframe></div>"
"№13","Видео-конспект Вебинар 1. №6,13 Логарифмические и показательные уравнения","14,7","4","6a04ed9e-2a8d-4fe9-9f58-5b01585688db","https://iframe.mediadelivery.net/embed/726880/6a04ed9e-2a8d-4fe9-9f58-5b01585688db","","<div style=""position:relative;padding-top:56.25%""><iframe src=""https://iframe.mediadelivery.net/embed/726880/6a04ed9e-2a8d-4fe9-9f58-5b01585688db?autoplay=false&preload=false"" loading=""lazy"" style=""border:0;position:absolute;top:0;height:100%;width:100%"" allowfullscreen=""true""></iframe></div>"
"№13","Видео-конспект Вебинар 1. №6,7 Тригонометрия с нуля Тригонометрическая окружность Основные формулы","17","4","aec435a7-89b4-4ca1-8ad9-b34faa8d80cf","https://iframe.mediadelivery.net/embed/726880/aec435a7-89b4-4ca1-8ad9-b34faa8d80cf","","<div style=""position:relative;padding-top:56.25%""><iframe src=""https://iframe.mediadelivery.net/embed/726880/aec435a7-89b4-4ca1-8ad9-b34faa8d80cf?autoplay=false&preload=false"" loading=""lazy"" style=""border:0;position:absolute;top:0;height:100%;width:100%"" allowfullscreen=""true""></iframe></div>"
"№13","Видео-конспект Вебинар 2. №7 Тригонометрия Формулы приведения Практика","24,4","4","0fa2149b-ead7-40d5-8b89-f32b817c5219","https://iframe.mediadelivery.net/embed/726880/0fa2149b-ead7-40d5-8b89-f32b817c5219","","<div style=""position:relative;padding-top:56.25%""><iframe src=""https://iframe.mediadelivery.net/embed/726880/0fa2149b-ead7-40d5-8b89-f32b817c5219?autoplay=false&preload=false"" loading=""lazy"" style=""border:0;position:absolute;top:0;height:100%;width:100%"" allowfullscreen=""true""></iframe></div>"
"№13","Видео-конспект Вебинар 3. №7 Тотальная практика по тригонометрии","20,1","4","a9fbf1af-7b14-4aa6-b7c4-2f9f39ed2ece","https://iframe.mediadelivery.net/embed/726880/a9fbf1af-7b14-4aa6-b7c4-2f9f39ed2ece","","<div style=""position:relative;padding-top:56.25%""><iframe src=""https://iframe.mediadelivery.net/embed/726880/a9fbf1af-7b14-4aa6-b7c4-2f9f39ed2ece?autoplay=false&preload=false"" loading=""lazy"" style=""border:0;position:absolute;top:0;height:100%;width:100%"" allowfullscreen=""true""></iframe></div>"
"№13","Видео-конспект Вебинар 4. №6,7 Элементарные тригонометрические уравнения. Решаем прототипы ФИПИ","19,2","4","b8036286-40a8-46a4-8962-623baebdfdd9","https://iframe.mediadelivery.net/embed/726880/b8036286-40a8-46a4-8962-623baebdfdd9","","<div style=""position:relative;padding-top:56.25%""><iframe src=""https://iframe.mediadelivery.net/embed/726880/b8036286-40a8-46a4-8962-623baebdfdd9?autoplay=false&preload=false"" loading=""lazy"" style=""border:0;position:absolute;top:0;height:100%;width:100%"" allowfullscreen=""true""></iframe></div>"
"№13","Видео-конспект Вебинар 5. Элементарные уравнения с tg и ctg Методы решения тригонометрических уравнений Часть-1","25,2","4","a5f96267-8e06-4fe8-b7ea-4bd343e06f52","https://iframe.mediadelivery.net/embed/726880/a5f96267-8e06-4fe8-b7ea-4bd343e06f52","","<div style=""position:relative;padding-top:56.25%""><iframe src=""https://iframe.mediadelivery.net/embed/726880/a5f96267-8e06-4fe8-b7ea-4bd343e06f52?autoplay=false&preload=false"" loading=""lazy"" style=""border:0;position:absolute;top:0;height:100%;width:100%"" allowfullscreen=""true""></iframe></div>"
"№13","Видео-конспект Вебинар 6. №13 Методы решения тригонометрических уравнений Отбор корней Часть-2","17,5","4","34e61432-6c81-4629-a5bb-28198ddcfd5a","https://iframe.mediadelivery.net/embed/726880/34e61432-6c81-4629-a5bb-28198ddcfd5a","","<div style=""position:relative;padding-top:56.25%""><iframe src=""https://iframe.mediadelivery.net/embed/726880/34e61432-6c81-4629-a5bb-28198ddcfd5a?autoplay=false&preload=false"" loading=""lazy"" style=""border:0;position:absolute;top:0;height:100%;width:100%"" allowfullscreen=""true""></iframe></div>"
"№13","Видео-конспект Вебинар 8,9. РЕШЕНИЕ ВСЕХ прототипов №13 на УРАВНЕНИЯ за 1,5 ЧАСА из сборника Ященко ЕГЭ 2026","97,2","4","0acdaea3-1ab4-4bfe-8516-75b53e0f79cb","https://iframe.mediadelivery.net/embed/726880/0acdaea3-1ab4-4bfe-8516-75b53e0f79cb","","<div style=""position:relative;padding-top:56.25%""><iframe src=""https://iframe.mediadelivery.net/embed/726880/0acdaea3-1ab4-4bfe-8516-75b53e0f79cb?autoplay=false&preload=false"" loading=""lazy"" style=""border:0;position:absolute;top:0;height:100%;width:100%"" allowfullscreen=""true""></iframe></div>"
"№13","Видео-конспект СЛИВ ВСЕХ 13 которые будут на ЕГЭ 2026 по профиль","19,2","4","daec4d81-7f1f-4048-9a9a-2708f103ea0d","https://iframe.mediadelivery.net/embed/726880/daec4d81-7f1f-4048-9a9a-2708f103ea0d","","<div style=""position:relative;padding-top:56.25%""><iframe src=""https://iframe.mediadelivery.net/embed/726880/daec4d81-7f1f-4048-9a9a-2708f103ea0d?autoplay=false&preload=false"" loading=""lazy"" style=""border:0;position:absolute;top:0;height:100%;width:100%"" allowfullscreen=""true""></iframe></div>"
"№14","Видео-конспект — Вебинар 21. №14 из ЕГЭ 2022","11,3","4","91906a2c-b77e-46b1-ae80-d62ef1c20485","https://iframe.mediadelivery.net/embed/726880/91906a2c-b77e-46b1-ae80-d62ef1c20485","","<div style=""position:relative;padding-top:56.25%""><iframe src=""https://iframe.mediadelivery.net/embed/726880/91906a2c-b77e-46b1-ae80-d62ef1c20485?autoplay=false&preload=false"" loading=""lazy"" style=""border:0;position:absolute;top:0;height:100%;width:100%"" allowfullscreen=""true""></iframe></div>"
"№14","Видео-конспект Вебинар 1 Прямая. Плоскость. Параллельность. Сечения куба","10,8","4","a3221796-cb59-40d5-ba85-25b251469b6d","https://iframe.mediadelivery.net/embed/726880/a3221796-cb59-40d5-ba85-25b251469b6d","","<div style=""position:relative;padding-top:56.25%""><iframe src=""https://iframe.mediadelivery.net/embed/726880/a3221796-cb59-40d5-ba85-25b251469b6d?autoplay=false&preload=false"" loading=""lazy"" style=""border:0;position:absolute;top:0;height:100%;width:100%"" allowfullscreen=""true""></iframe></div>"
"№14","Видео-конспект Вебинар 10 №14 из ЕГЭ 2024 Часть-1","13,7","4","d38f8a55-c7d1-4d96-9599-f533a558936e","https://iframe.mediadelivery.net/embed/726880/d38f8a55-c7d1-4d96-9599-f533a558936e","","<div style=""position:relative;padding-top:56.25%""><iframe src=""https://iframe.mediadelivery.net/embed/726880/d38f8a55-c7d1-4d96-9599-f533a558936e?autoplay=false&preload=false"" loading=""lazy"" style=""border:0;position:absolute;top:0;height:100%;width:100%"" allowfullscreen=""true""></iframe></div>"
"№14","Видео-конспект Вебинар 11 №14 из ЕГЭ 2024 Часть-2","15,3","4","c0b45224-e328-49a6-9891-6b99019a5420","https://iframe.mediadelivery.net/embed/726880/c0b45224-e328-49a6-9891-6b99019a5420","","<div style=""position:relative;padding-top:56.25%""><iframe src=""https://iframe.mediadelivery.net/embed/726880/c0b45224-e328-49a6-9891-6b99019a5420?autoplay=false&preload=false"" loading=""lazy"" style=""border:0;position:absolute;top:0;height:100%;width:100%"" allowfullscreen=""true""></iframe></div>"
"№14","Видео-конспект Вебинар 12 Тела вращения Конус и цилиндр","11,9","4","fbfcf195-d1de-46b2-a59b-a08fc896e871","https://iframe.mediadelivery.net/embed/726880/fbfcf195-d1de-46b2-a59b-a08fc896e871","","<div style=""position:relative;padding-top:56.25%""><iframe src=""https://iframe.mediadelivery.net/embed/726880/fbfcf195-d1de-46b2-a59b-a08fc896e871?autoplay=false&preload=false"" loading=""lazy"" style=""border:0;position:absolute;top:0;height:100%;width:100%"" allowfullscreen=""true""></iframe></div>"
"№14","Видео-конспект Вебинар 13 №14 Сечения шестиугольной призмы","10,8","4","c871bfb5-2355-4fcb-a5b8-fcceb688bb42","https://iframe.mediadelivery.net/embed/726880/c871bfb5-2355-4fcb-a5b8-fcceb688bb42","","<div style=""position:relative;padding-top:56.25%""><iframe src=""https://iframe.mediadelivery.net/embed/726880/c871bfb5-2355-4fcb-a5b8-fcceb688bb42?autoplay=false&preload=false"" loading=""lazy"" style=""border:0;position:absolute;top:0;height:100%;width:100%"" allowfullscreen=""true""></iframe></div>"
"№14","Видео-конспект Вебинар 14 №14 из ЕГЭ 2023 Часть-1","12,5","4","c07fc284-ab02-409c-a3f2-08b92603feed","https://iframe.mediadelivery.net/embed/726880/c07fc284-ab02-409c-a3f2-08b92603feed","","<div style=""position:relative;padding-top:56.25%""><iframe src=""https://iframe.mediadelivery.net/embed/726880/c07fc284-ab02-409c-a3f2-08b92603feed?autoplay=false&preload=false"" loading=""lazy"" style=""border:0;position:absolute;top:0;height:100%;width:100%"" allowfullscreen=""true""></iframe></div>"
"№14","Видео-конспект Вебинар 15 №14 из ЕГЭ 2023 Часть-2","15","4","1a0d7676-0314-4555-906f-2fd3397b1890","https://iframe.mediadelivery.net/embed/726880/1a0d7676-0314-4555-906f-2fd3397b1890","","<div style=""position:relative;padding-top:56.25%""><iframe src=""https://iframe.mediadelivery.net/embed/726880/1a0d7676-0314-4555-906f-2fd3397b1890?autoplay=false&preload=false"" loading=""lazy"" style=""border:0;position:absolute;top:0;height:100%;width:100%"" allowfullscreen=""true""></iframe></div>"
"№14","Видео-конспект Вебинар 16 №14 из ЕГЭ 2022 Часть-1","11,3","4","d9f2a10d-a734-4303-8799-f6658e449833","https://iframe.mediadelivery.net/embed/726880/d9f2a10d-a734-4303-8799-f6658e449833","","<div style=""position:relative;padding-top:56.25%""><iframe src=""https://iframe.mediadelivery.net/embed/726880/d9f2a10d-a734-4303-8799-f6658e449833?autoplay=false&preload=false"" loading=""lazy"" style=""border:0;position:absolute;top:0;height:100%;width:100%"" allowfullscreen=""true""></iframe></div>"
"№14","Видео-конспект Вебинар 17 №14 из ЕГЭ 2022 Часть-2 + досрок ЕГЭ 2025","6,8","4","63ae4e8c-cd0e-41b5-baf2-f50e9aeef463","https://iframe.mediadelivery.net/embed/726880/63ae4e8c-cd0e-41b5-baf2-f50e9aeef463","","<div style=""position:relative;padding-top:56.25%""><iframe src=""https://iframe.mediadelivery.net/embed/726880/63ae4e8c-cd0e-41b5-baf2-f50e9aeef463?autoplay=false&preload=false"" loading=""lazy"" style=""border:0;position:absolute;top:0;height:100%;width:100%"" allowfullscreen=""true""></iframe></div>"
"№14","Видео-конспект Вебинар 18 №14 из ЕГЭ 2021 Часть-1","12,1","4","1ba832e7-6047-495d-bca7-58c19130a220","https://iframe.mediadelivery.net/embed/726880/1ba832e7-6047-495d-bca7-58c19130a220","","<div style=""position:relative;padding-top:56.25%""><iframe src=""https://iframe.mediadelivery.net/embed/726880/1ba832e7-6047-495d-bca7-58c19130a220?autoplay=false&preload=false"" loading=""lazy"" style=""border:0;position:absolute;top:0;height:100%;width:100%"" allowfullscreen=""true""></iframe></div>"
"№14","Видео-конспект Вебинар 19 №14 Цилиндр и конус Часть-2","10,5","4","8b45cf2b-20be-499a-846e-0419ee3aecc8","https://iframe.mediadelivery.net/embed/726880/8b45cf2b-20be-499a-846e-0419ee3aecc8","","<div style=""position:relative;padding-top:56.25%""><iframe src=""https://iframe.mediadelivery.net/embed/726880/8b45cf2b-20be-499a-846e-0419ee3aecc8?autoplay=false&preload=false"" loading=""lazy"" style=""border:0;position:absolute;top:0;height:100%;width:100%"" allowfullscreen=""true""></iframe></div>"
"№14","Видео-конспект Вебинар 2 Углы между прямыми. Перпендикулярность. ТТП. Проецирование","10,8","4","d4b3ac47-559f-43c9-800a-cbcc520a45fd","https://iframe.mediadelivery.net/embed/726880/d4b3ac47-559f-43c9-800a-cbcc520a45fd","","<div style=""position:relative;padding-top:56.25%""><iframe src=""https://iframe.mediadelivery.net/embed/726880/d4b3ac47-559f-43c9-800a-cbcc520a45fd?autoplay=false&preload=false"" loading=""lazy"" style=""border:0;position:absolute;top:0;height:100%;width:100%"" allowfullscreen=""true""></iframe></div>"
"№14","Видео-конспект Вебинар 20 №14 Шестиугольные призма и пирамида Часть-2","9,8","4","23e09928-73d5-4cea-9f67-b428548c05be","https://iframe.mediadelivery.net/embed/726880/23e09928-73d5-4cea-9f67-b428548c05be","","<div style=""position:relative;padding-top:56.25%""><iframe src=""https://iframe.mediadelivery.net/embed/726880/23e09928-73d5-4cea-9f67-b428548c05be?autoplay=false&preload=false"" loading=""lazy"" style=""border:0;position:absolute;top:0;height:100%;width:100%"" allowfullscreen=""true""></iframe></div>"
"№14","Видео-конспект Вебинар 3 Построение сложных сечений через параллельность и перпендикулярность","12,6","4","efab84de-d2e9-45f2-be03-4a189c35efa1","https://iframe.mediadelivery.net/embed/726880/efab84de-d2e9-45f2-be03-4a189c35efa1","","<div style=""position:relative;padding-top:56.25%""><iframe src=""https://iframe.mediadelivery.net/embed/726880/efab84de-d2e9-45f2-be03-4a189c35efa1?autoplay=false&preload=false"" loading=""lazy"" style=""border:0;position:absolute;top:0;height:100%;width:100%"" allowfullscreen=""true""></iframe></div>"
"№14","Видео-конспект Вебинар 4 Сечения через перпендикулярность Интересные свойства куба","14,7","4","397b6f4c-c532-4820-8bf6-1a5e231bb455","https://iframe.mediadelivery.net/embed/726880/397b6f4c-c532-4820-8bf6-1a5e231bb455","","<div style=""position:relative;padding-top:56.25%""><iframe src=""https://iframe.mediadelivery.net/embed/726880/397b6f4c-c532-4820-8bf6-1a5e231bb455?autoplay=false&preload=false"" loading=""lazy"" style=""border:0;position:absolute;top:0;height:100%;width:100%"" allowfullscreen=""true""></iframe></div>"
"№14","Видео-конспект Вебинар 5 Углы между плоскостями","16,2","4","c0dcb1b4-047e-47e9-b99e-6b40ee29995a","https://iframe.mediadelivery.net/embed/726880/c0dcb1b4-047e-47e9-b99e-6b40ee29995a","","<div style=""position:relative;padding-top:56.25%""><iframe src=""https://iframe.mediadelivery.net/embed/726880/c0dcb1b4-047e-47e9-b99e-6b40ee29995a?autoplay=false&preload=false"" loading=""lazy"" style=""border:0;position:absolute;top:0;height:100%;width:100%"" allowfullscreen=""true""></iframe></div>"
"№14","Видео-конспект Вебинар 6 Решаем №14 с пирамидой","11,3","4","4b456e3d-4ceb-4297-8b7c-e2fde2906c00","https://iframe.mediadelivery.net/embed/726880/4b456e3d-4ceb-4297-8b7c-e2fde2906c00","","<div style=""position:relative;padding-top:56.25%""><iframe src=""https://iframe.mediadelivery.net/embed/726880/4b456e3d-4ceb-4297-8b7c-e2fde2906c00?autoplay=false&preload=false"" loading=""lazy"" style=""border:0;position:absolute;top:0;height:100%;width:100%"" allowfullscreen=""true""></iframe></div>"
"№14","Видео-конспект Вебинар 7 Решаем №14 с призмой и пирамидой","12,8","4","8c973363-f1a2-4f09-a7d5-556eedd6c1cf","https://iframe.mediadelivery.net/embed/726880/8c973363-f1a2-4f09-a7d5-556eedd6c1cf","","<div style=""position:relative;padding-top:56.25%""><iframe src=""https://iframe.mediadelivery.net/embed/726880/8c973363-f1a2-4f09-a7d5-556eedd6c1cf?autoplay=false&preload=false"" loading=""lazy"" style=""border:0;position:absolute;top:0;height:100%;width:100%"" allowfullscreen=""true""></iframe></div>"
"№14","Видео-конспект Вебинар 8 Метод объемов Часть-1","13,8","4","8f86bc02-fe3b-435c-9d1b-ead6c9111aa3","https://iframe.mediadelivery.net/embed/726880/8f86bc02-fe3b-435c-9d1b-ead6c9111aa3","","<div style=""position:relative;padding-top:56.25%""><iframe src=""https://iframe.mediadelivery.net/embed/726880/8f86bc02-fe3b-435c-9d1b-ead6c9111aa3?autoplay=false&preload=false"" loading=""lazy"" style=""border:0;position:absolute;top:0;height:100%;width:100%"" allowfullscreen=""true""></iframe></div>"
"№14","Видео-конспект Вебинар 9 Метод объемов Часть-2","11","4","9e015269-0fc4-41e8-9eb1-10fdf142f269","https://iframe.mediadelivery.net/embed/726880/9e015269-0fc4-41e8-9eb1-10fdf142f269","","<div style=""position:relative;padding-top:56.25%""><iframe src=""https://iframe.mediadelivery.net/embed/726880/9e015269-0fc4-41e8-9eb1-10fdf142f269?autoplay=false&preload=false"" loading=""lazy"" style=""border:0;position:absolute;top:0;height:100%;width:100%"" allowfullscreen=""true""></iframe></div>"
"№14","Видео-конспект Шпаргалка 14 Все факты и конструкции по стереомет","24,5","4","7312c985-2acc-46c8-9cb8-a5c296fb632a","https://iframe.mediadelivery.net/embed/726880/7312c985-2acc-46c8-9cb8-a5c296fb632a","","<div style=""position:relative;padding-top:56.25%""><iframe src=""https://iframe.mediadelivery.net/embed/726880/7312c985-2acc-46c8-9cb8-a5c296fb632a?autoplay=false&preload=false"" loading=""lazy"" style=""border:0;position:absolute;top:0;height:100%;width:100%"" allowfullscreen=""true""></iframe></div>"
"№15","Вебинар 10. Решаем все прототипы №15 из сборника Ященко 2025 — варианты 25-36, неравенства из 2 части ЕГЭ","20,4","4","2d5789ce-6070-46e0-b6a2-3ca5705f988c","https://iframe.mediadelivery.net/embed/726880/2d5789ce-6070-46e0-b6a2-3ca5705f988c","","<div style=""position:relative;padding-top:56.25%""><iframe src=""https://iframe.mediadelivery.net/embed/726880/2d5789ce-6070-46e0-b6a2-3ca5705f988c?autoplay=false&preload=false"" loading=""lazy"" style=""border:0;position:absolute;top:0;height:100%;width:100%"" allowfullscreen=""true""></iframe></div>"
"№15","Вебинар 6. Решаем все прототипы №15 из сборника Ященко 2026 — неравенства из 2 части ЕГЭ","14,3","4","3ef5d1e5-9d02-44a9-8e90-18115ba6c5fd","https://iframe.mediadelivery.net/embed/726880/3ef5d1e5-9d02-44a9-8e90-18115ba6c5fd","","<div style=""position:relative;padding-top:56.25%""><iframe src=""https://iframe.mediadelivery.net/embed/726880/3ef5d1e5-9d02-44a9-8e90-18115ba6c5fd?autoplay=false&preload=false"" loading=""lazy"" style=""border:0;position:absolute;top:0;height:100%;width:100%"" allowfullscreen=""true""></iframe></div>"
"№15","Вебинар 8. Решаем все прототипы №15 из сборника Ященко 2026 — варианты 1-12, неравенства из 2 части ЕГЭ","22,7","4","97bce590-fae1-4ded-be98-b1ca8a65815b","https://iframe.mediadelivery.net/embed/726880/97bce590-fae1-4ded-be98-b1ca8a65815b","","<div style=""position:relative;padding-top:56.25%""><iframe src=""https://iframe.mediadelivery.net/embed/726880/97bce590-fae1-4ded-be98-b1ca8a65815b?autoplay=false&preload=false"" loading=""lazy"" style=""border:0;position:absolute;top:0;height:100%;width:100%"" allowfullscreen=""true""></iframe></div>"
"№15","Вебинар 9. Решаем все прототипы №15 из сборника Ященко 2025 — варианты 13-24, неравенства из 2 части ЕГЭ","29,3","4","cef119b5-7569-4b18-809f-93decb792598","https://iframe.mediadelivery.net/embed/726880/cef119b5-7569-4b18-809f-93decb792598","","<div style=""position:relative;padding-top:56.25%""><iframe src=""https://iframe.mediadelivery.net/embed/726880/cef119b5-7569-4b18-809f-93decb792598?autoplay=false&preload=false"" loading=""lazy"" style=""border:0;position:absolute;top:0;height:100%;width:100%"" allowfullscreen=""true""></iframe></div>"
"№15","Видео-конспект — Вебинар 5. Однородные неравенства и метод рационализации для показательных функций","16,7","4","432006c6-3fc6-44a3-afbe-432141e5bb33","https://iframe.mediadelivery.net/embed/726880/432006c6-3fc6-44a3-afbe-432141e5bb33","","<div style=""position:relative;padding-top:56.25%""><iframe src=""https://iframe.mediadelivery.net/embed/726880/432006c6-3fc6-44a3-afbe-432141e5bb33?autoplay=false&preload=false"" loading=""lazy"" style=""border:0;position:absolute;top:0;height:100%;width:100%"" allowfullscreen=""true""></iframe></div>"
"№15","Видео-конспект Вебинар 1. Рациональные неравенства. Метод интервалов","18,4","4","ed4bbbf2-0c46-45d4-ade0-1c011d5df768","https://iframe.mediadelivery.net/embed/726880/ed4bbbf2-0c46-45d4-ade0-1c011d5df768","","<div style=""position:relative;padding-top:56.25%""><iframe src=""https://iframe.mediadelivery.net/embed/726880/ed4bbbf2-0c46-45d4-ade0-1c011d5df768?autoplay=false&preload=false"" loading=""lazy"" style=""border:0;position:absolute;top:0;height:100%;width:100%"" allowfullscreen=""true""></iframe></div>"
"№15","Видео-конспект Вебинар 2. Показательные неравенства","17,3","4","cf31bdac-9372-41a9-964f-e99f64e5b010","https://iframe.mediadelivery.net/embed/726880/cf31bdac-9372-41a9-964f-e99f64e5b010","","<div style=""position:relative;padding-top:56.25%""><iframe src=""https://iframe.mediadelivery.net/embed/726880/cf31bdac-9372-41a9-964f-e99f64e5b010?autoplay=false&preload=false"" loading=""lazy"" style=""border:0;position:absolute;top:0;height:100%;width:100%"" allowfullscreen=""true""></iframe></div>"
"№15","Видео-конспект Вебинар 3. Логарифмические неравенства","19,1","4","9c95d7eb-ec34-4568-be76-93d557fd95e2","https://iframe.mediadelivery.net/embed/726880/9c95d7eb-ec34-4568-be76-93d557fd95e2","","<div style=""position:relative;padding-top:56.25%""><iframe src=""https://iframe.mediadelivery.net/embed/726880/9c95d7eb-ec34-4568-be76-93d557fd95e2?autoplay=false&preload=false"" loading=""lazy"" style=""border:0;position:absolute;top:0;height:100%;width:100%"" allowfullscreen=""true""></iframe></div>"
"№15","Видео-конспект Вебинар 4. Метод рационализации","12,8","4","b6bf4ae7-def4-4cf2-a47c-27c4cfb90b61","https://iframe.mediadelivery.net/embed/726880/b6bf4ae7-def4-4cf2-a47c-27c4cfb90b61","","<div style=""position:relative;padding-top:56.25%""><iframe src=""https://iframe.mediadelivery.net/embed/726880/b6bf4ae7-def4-4cf2-a47c-27c4cfb90b61?autoplay=false&preload=false"" loading=""lazy"" style=""border:0;position:absolute;top:0;height:100%;width:100%"" allowfullscreen=""true""></iframe></div>"
"№15","Видео-конспект I Вебинар 7. ВСЕ НЕРАВЕНСТВА ДЛЯ ЕГЭ 2026 Шпаргалка по №15","98,9","4","03f9f765-f24b-462b-bb2c-2cdfe53c6277","https://iframe.mediadelivery.net/embed/726880/03f9f765-f24b-462b-bb2c-2cdfe53c6277","","<div style=""position:relative;padding-top:56.25%""><iframe src=""https://iframe.mediadelivery.net/embed/726880/03f9f765-f24b-462b-bb2c-2cdfe53c6277?autoplay=false&preload=false"" loading=""lazy"" style=""border:0;position:absolute;top:0;height:100%;width:100%"" allowfullscreen=""true""></iframe></div>"
"№16","Вебинар 10. Вклады. Часть 2","11,4","4","5b0d88fc-19e6-47b7-81d9-c8a7417a17e8","https://iframe.mediadelivery.net/embed/726880/5b0d88fc-19e6-47b7-81d9-c8a7417a17e8","","<div style=""position:relative;padding-top:56.25%""><iframe src=""https://iframe.mediadelivery.net/embed/726880/5b0d88fc-19e6-47b7-81d9-c8a7417a17e8?autoplay=false&preload=false"" loading=""lazy"" style=""border:0;position:absolute;top:0;height:100%;width:100%"" allowfullscreen=""true""></iframe></div>"
"№16","Вебинар 5. Вклады. Часть 1","9,9","4","fc479133-8f64-4f03-8d15-33fd1c58df29","https://iframe.mediadelivery.net/embed/726880/fc479133-8f64-4f03-8d15-33fd1c58df29","","<div style=""position:relative;padding-top:56.25%""><iframe src=""https://iframe.mediadelivery.net/embed/726880/fc479133-8f64-4f03-8d15-33fd1c58df29?autoplay=false&preload=false"" loading=""lazy"" style=""border:0;position:absolute;top:0;height:100%;width:100%"" allowfullscreen=""true""></iframe></div>"
"№16","Вебинар 8. Решаем все прототипы №16 из сборника Ященко 2026 — экономическая задача из 2 части ЕГЭ","16,8","4","df76def2-859c-4007-ac6e-669961653e19","https://iframe.mediadelivery.net/embed/726880/df76def2-859c-4007-ac6e-669961653e19","","<div style=""position:relative;padding-top:56.25%""><iframe src=""https://iframe.mediadelivery.net/embed/726880/df76def2-859c-4007-ac6e-669961653e19?autoplay=false&preload=false"" loading=""lazy"" style=""border:0;position:absolute;top:0;height:100%;width:100%"" allowfullscreen=""true""></iframe></div>"
"№16","Вебинар 9. Оптимизация. Часть 1","16","4","c69b57b7-347f-45b2-bbbb-d46a6cf159aa","https://iframe.mediadelivery.net/embed/726880/c69b57b7-347f-45b2-bbbb-d46a6cf159aa","","<div style=""position:relative;padding-top:56.25%""><iframe src=""https://iframe.mediadelivery.net/embed/726880/c69b57b7-347f-45b2-bbbb-d46a6cf159aa?autoplay=false&preload=false"" loading=""lazy"" style=""border:0;position:absolute;top:0;height:100%;width:100%"" allowfullscreen=""true""></iframe></div>"
"№16","Видео-конспект — Вебинар 12. Задачи про фонды и акции","9,9","4","f7d4ff1f-e49e-4155-a757-6344835f4a8c","https://iframe.mediadelivery.net/embed/726880/f7d4ff1f-e49e-4155-a757-6344835f4a8c","","<div style=""position:relative;padding-top:56.25%""><iframe src=""https://iframe.mediadelivery.net/embed/726880/f7d4ff1f-e49e-4155-a757-6344835f4a8c?autoplay=false&preload=false"" loading=""lazy"" style=""border:0;position:absolute;top:0;height:100%;width:100%"" allowfullscreen=""true""></iframe></div>"
"№16","Видео-конспект Вебинар 1. Кредиты Дифференцированные платежи","17,3","4","872425b1-ec38-4502-bca7-7b5d6dde6a13","https://iframe.mediadelivery.net/embed/726880/872425b1-ec38-4502-bca7-7b5d6dde6a13","","<div style=""position:relative;padding-top:56.25%""><iframe src=""https://iframe.mediadelivery.net/embed/726880/872425b1-ec38-4502-bca7-7b5d6dde6a13?autoplay=false&preload=false"" loading=""lazy"" style=""border:0;position:absolute;top:0;height:100%;width:100%"" allowfullscreen=""true""></iframe></div>"
"№16","Видео-конспект Вебинар 2. Кредиты Аннуитетные платежи","14","4","6dec4e5f-a084-48af-876a-2cff40e09c35","https://iframe.mediadelivery.net/embed/726880/6dec4e5f-a084-48af-876a-2cff40e09c35","","<div style=""position:relative;padding-top:56.25%""><iframe src=""https://iframe.mediadelivery.net/embed/726880/6dec4e5f-a084-48af-876a-2cff40e09c35?autoplay=false&preload=false"" loading=""lazy"" style=""border:0;position:absolute;top:0;height:100%;width:100%"" allowfullscreen=""true""></iframe></div>"
"№16","Видео-конспект Вебинар 3. Смешанные платежи из ЕГЭ прошлых лет Часть-1","18,8","4","ec05ac09-ecd9-4e90-b49a-da120ef5c5c6","https://iframe.mediadelivery.net/embed/726880/ec05ac09-ecd9-4e90-b49a-da120ef5c5c6","","<div style=""position:relative;padding-top:56.25%""><iframe src=""https://iframe.mediadelivery.net/embed/726880/ec05ac09-ecd9-4e90-b49a-da120ef5c5c6?autoplay=false&preload=false"" loading=""lazy"" style=""border:0;position:absolute;top:0;height:100%;width:100%"" allowfullscreen=""true""></iframe></div>"
"№16","Видео-конспект Вебинар 4. Смешанные платежи из ЕГЭ прошлых лет Часть-2","19,3","4","8e646d0e-5d63-48c1-9015-e69e11f6a19e","https://iframe.mediadelivery.net/embed/726880/8e646d0e-5d63-48c1-9015-e69e11f6a19e","","<div style=""position:relative;padding-top:56.25%""><iframe src=""https://iframe.mediadelivery.net/embed/726880/8e646d0e-5d63-48c1-9015-e69e11f6a19e?autoplay=false&preload=false"" loading=""lazy"" style=""border:0;position:absolute;top:0;height:100%;width:100%"" allowfullscreen=""true""></iframe></div>"
"№16","Видео-конспект Вебинар 8. Решаем все прототипы №16 из СБОРНИКА ЯЩЕНКО 2026 Экономическая задача из 2 части ЕГЭ по Математике","16,8","4","9e69ef89-4965-4afe-9e95-c368bcf0b640","https://iframe.mediadelivery.net/embed/726880/9e69ef89-4965-4afe-9e95-c368bcf0b640","","<div style=""position:relative;padding-top:56.25%""><iframe src=""https://iframe.mediadelivery.net/embed/726880/9e69ef89-4965-4afe-9e95-c368bcf0b640?autoplay=false&preload=false"" loading=""lazy"" style=""border:0;position:absolute;top:0;height:100%;width:100%"" allowfullscreen=""true""></iframe></div>"
"№16","Видео-конспект l Вебинар 11. Оптимизация Часть-2","9,2","4","768b95d2-747e-44c1-b94c-33be35f7729c","https://iframe.mediadelivery.net/embed/726880/768b95d2-747e-44c1-b94c-33be35f7729c","","<div style=""position:relative;padding-top:56.25%""><iframe src=""https://iframe.mediadelivery.net/embed/726880/768b95d2-747e-44c1-b94c-33be35f7729c?autoplay=false&preload=false"" loading=""lazy"" style=""border:0;position:absolute;top:0;height:100%;width:100%"" allowfullscreen=""true""></iframe></div>"
"№17","Видео-конспект — Вебинар 11. №1,17 — Красота прямоугольного треугольника","22,2","4","6d158105-cf7d-46e3-8692-fb2fc8c13076","https://iframe.mediadelivery.net/embed/726880/6d158105-cf7d-46e3-8692-fb2fc8c13076","","<div style=""position:relative;padding-top:56.25%""><iframe src=""https://iframe.mediadelivery.net/embed/726880/6d158105-cf7d-46e3-8692-fb2fc8c13076?autoplay=false&preload=false"" loading=""lazy"" style=""border:0;position:absolute;top:0;height:100%;width:100%"" allowfullscreen=""true""></iframe></div>"
"№17","Видео-конспект — Вебинар 17. Решаем №17 из сборника Ященко 2025 — Варианты 13-24 — Планиметрия из 2 части ЕГЭ по математике","37,8","4","cc6cecad-54b5-4d55-bd97-4e8e5db9de0f","https://iframe.mediadelivery.net/embed/726880/cc6cecad-54b5-4d55-bd97-4e8e5db9de0f","","<div style=""position:relative;padding-top:56.25%""><iframe src=""https://iframe.mediadelivery.net/embed/726880/cc6cecad-54b5-4d55-bd97-4e8e5db9de0f?autoplay=false&preload=false"" loading=""lazy"" style=""border:0;position:absolute;top:0;height:100%;width:100%"" allowfullscreen=""true""></iframe></div>"
"№17","Видео-конспект — Вебинар 18. Решаем №17 из сборника Ященко 2025 — Варианты 25-36 — Планиметрия из 2 части ЕГЭ по математике","38,9","4","674bda11-bc27-45dc-b0bd-0b52826d7118","https://iframe.mediadelivery.net/embed/726880/674bda11-bc27-45dc-b0bd-0b52826d7118","","<div style=""position:relative;padding-top:56.25%""><iframe src=""https://iframe.mediadelivery.net/embed/726880/674bda11-bc27-45dc-b0bd-0b52826d7118?autoplay=false&preload=false"" loading=""lazy"" style=""border:0;position:absolute;top:0;height:100%;width:100%"" allowfullscreen=""true""></iframe></div>"
"№17","Видео-конспект — Вебинар 19. №1,17 из ЕГЭ прошлых лет. Теорема косинусов. Счетная планиметрия. Часть-1","22,1","4","94337858-9dd3-4665-86d3-4696d8dd487b","https://iframe.mediadelivery.net/embed/726880/94337858-9dd3-4665-86d3-4696d8dd487b","","<div style=""position:relative;padding-top:56.25%""><iframe src=""https://iframe.mediadelivery.net/embed/726880/94337858-9dd3-4665-86d3-4696d8dd487b?autoplay=false&preload=false"" loading=""lazy"" style=""border:0;position:absolute;top:0;height:100%;width:100%"" allowfullscreen=""true""></iframe></div>"
"№17","Видео-конспект — Вебинар 20. Решаем все прототипы №17 из СБОРНИКА ЯЩЕНКО 2026 — Планиметрия из 2 части ЕГЭ по математике","24,9","4","51333d3c-1c4c-4da6-9f02-5337d85795cc","https://iframe.mediadelivery.net/embed/726880/51333d3c-1c4c-4da6-9f02-5337d85795cc","","<div style=""position:relative;padding-top:56.25%""><iframe src=""https://iframe.mediadelivery.net/embed/726880/51333d3c-1c4c-4da6-9f02-5337d85795cc?autoplay=false&preload=false"" loading=""lazy"" style=""border:0;position:absolute;top:0;height:100%;width:100%"" allowfullscreen=""true""></iframe></div>"
"№17","Видео-конспект — Вебинар 29. №17 Касающиеся и пересекающиеся окружности","22,6","4","ae55fb7c-491f-412a-9ce9-8f71e5f0558c","https://iframe.mediadelivery.net/embed/726880/ae55fb7c-491f-412a-9ce9-8f71e5f0558c","","<div style=""position:relative;padding-top:56.25%""><iframe src=""https://iframe.mediadelivery.net/embed/726880/ae55fb7c-491f-412a-9ce9-8f71e5f0558c?autoplay=false&preload=false"" loading=""lazy"" style=""border:0;position:absolute;top:0;height:100%;width:100%"" allowfullscreen=""true""></iframe></div>"
"№17","Видео-конспект — Вебинар 4. №1,17 Трапеция. Свойства. Дополнительные построения — Часть 1","22,5","4","6fd7eb15-5f6f-4fbf-93b6-037533c04067","https://iframe.mediadelivery.net/embed/726880/6fd7eb15-5f6f-4fbf-93b6-037533c04067","","<div style=""position:relative;padding-top:56.25%""><iframe src=""https://iframe.mediadelivery.net/embed/726880/6fd7eb15-5f6f-4fbf-93b6-037533c04067?autoplay=false&preload=false"" loading=""lazy"" style=""border:0;position:absolute;top:0;height:100%;width:100%"" allowfullscreen=""true""></iframe></div>"
"№17","Видео-конспект — Вебинар 5. №1,17 Трапеция. Свойства. Дополнительные построения — Часть 2","14,5","4","cc1811d2-c110-49fe-afd6-fefe26f442fe","https://iframe.mediadelivery.net/embed/726880/cc1811d2-c110-49fe-afd6-fefe26f442fe","","<div style=""position:relative;padding-top:56.25%""><iframe src=""https://iframe.mediadelivery.net/embed/726880/cc1811d2-c110-49fe-afd6-fefe26f442fe?autoplay=false&preload=false"" loading=""lazy"" style=""border:0;position:absolute;top:0;height:100%;width:100%"" allowfullscreen=""true""></iframe></div>"
"№17","Видео-конспект — Вебинар 9. №1,17 Площади и четырехугольники","29,5","4","bcd01b55-d226-4b49-81af-cfd21b3b2df3","https://iframe.mediadelivery.net/embed/726880/bcd01b55-d226-4b49-81af-cfd21b3b2df3","","<div style=""position:relative;padding-top:56.25%""><iframe src=""https://iframe.mediadelivery.net/embed/726880/bcd01b55-d226-4b49-81af-cfd21b3b2df3?autoplay=false&preload=false"" loading=""lazy"" style=""border:0;position:absolute;top:0;height:100%;width:100%"" allowfullscreen=""true""></iframe></div>"
"№17","Видео-конспект Вебинар 1 Треугольники, параллелограмм, теорема Фалеса","15,3","4","3ecda1b3-6966-44e1-b66d-75d8f43fb322","https://iframe.mediadelivery.net/embed/726880/3ecda1b3-6966-44e1-b66d-75d8f43fb322","","<div style=""position:relative;padding-top:56.25%""><iframe src=""https://iframe.mediadelivery.net/embed/726880/3ecda1b3-6966-44e1-b66d-75d8f43fb322?autoplay=false&preload=false"" loading=""lazy"" style=""border:0;position:absolute;top:0;height:100%;width:100%"" allowfullscreen=""true""></iframe></div>"
"№17","Видео-конспект Вебинар 10 №1,17 Красота прямоугольного треугольника","19,2","4","11ede40c-1222-4c16-90a1-a35717f20cf8","https://iframe.mediadelivery.net/embed/726880/11ede40c-1222-4c16-90a1-a35717f20cf8","","<div style=""position:relative;padding-top:56.25%""><iframe src=""https://iframe.mediadelivery.net/embed/726880/11ede40c-1222-4c16-90a1-a35717f20cf8?autoplay=false&preload=false"" loading=""lazy"" style=""border:0;position:absolute;top:0;height:100%;width:100%"" allowfullscreen=""true""></iframe></div>"
"№17","Видео-конспект Вебинар 11 №17 из ЕГЭ прошлых лет. Теорема косинусов. Счетная планиметрия. Часть-1","17,6","4","e0301520-a1cc-441f-8afe-ebde75e80194","https://iframe.mediadelivery.net/embed/726880/e0301520-a1cc-441f-8afe-ebde75e80194","","<div style=""position:relative;padding-top:56.25%""><iframe src=""https://iframe.mediadelivery.net/embed/726880/e0301520-a1cc-441f-8afe-ebde75e80194?autoplay=false&preload=false"" loading=""lazy"" style=""border:0;position:absolute;top:0;height:100%;width:100%"" allowfullscreen=""true""></iframe></div>"
"№17","Видео-конспект Вебинар 12 Счетная планиметрия Часть-2","13,9","4","25ce84b9-0f4b-4353-81f9-c03030fed8c6","https://iframe.mediadelivery.net/embed/726880/25ce84b9-0f4b-4353-81f9-c03030fed8c6","","<div style=""position:relative;padding-top:56.25%""><iframe src=""https://iframe.mediadelivery.net/embed/726880/25ce84b9-0f4b-4353-81f9-c03030fed8c6?autoplay=false&preload=false"" loading=""lazy"" style=""border:0;position:absolute;top:0;height:100%;width:100%"" allowfullscreen=""true""></iframe></div>"
"№17","Видео-конспект Вебинар 13 Вписанные углы, хорды, касательные","14,9","4","63b00deb-bad7-4f70-93a9-46b7f8f66ff7","https://iframe.mediadelivery.net/embed/726880/63b00deb-bad7-4f70-93a9-46b7f8f66ff7","","<div style=""position:relative;padding-top:56.25%""><iframe src=""https://iframe.mediadelivery.net/embed/726880/63b00deb-bad7-4f70-93a9-46b7f8f66ff7?autoplay=false&preload=false"" loading=""lazy"" style=""border:0;position:absolute;top:0;height:100%;width:100%"" allowfullscreen=""true""></iframe></div>"
"№17","Видео-конспект Вебинар 14 №1,17 Хорды, секущие и касательные Вписанные четырехугольники Теорема синусов","22,2","4","9ba0ba2f-9e05-4632-9b7e-9899f13b6b56","https://iframe.mediadelivery.net/embed/726880/9ba0ba2f-9e05-4632-9b7e-9899f13b6b56","","<div style=""position:relative;padding-top:56.25%""><iframe src=""https://iframe.mediadelivery.net/embed/726880/9ba0ba2f-9e05-4632-9b7e-9899f13b6b56?autoplay=false&preload=false"" loading=""lazy"" style=""border:0;position:absolute;top:0;height:100%;width:100%"" allowfullscreen=""true""></iframe></div>"
"№17","Видео-конспект Вебинар 15 №1,17 с окружностями Задачи из ЕГЭ прошлых лет","14,4","4","3e903907-8e27-47be-be38-f5f9c86a9ffb","https://iframe.mediadelivery.net/embed/726880/3e903907-8e27-47be-be38-f5f9c86a9ffb","","<div style=""position:relative;padding-top:56.25%""><iframe src=""https://iframe.mediadelivery.net/embed/726880/3e903907-8e27-47be-be38-f5f9c86a9ffb?autoplay=false&preload=false"" loading=""lazy"" style=""border:0;position:absolute;top:0;height:100%;width:100%"" allowfullscreen=""true""></iframe></div>"
"№17","Видео-конспект Вебинар 16 Свойства ортоцентра","12,5","4","4790aea5-725b-424b-ad3d-1720a4b0826f","https://iframe.mediadelivery.net/embed/726880/4790aea5-725b-424b-ad3d-1720a4b0826f","","<div style=""position:relative;padding-top:56.25%""><iframe src=""https://iframe.mediadelivery.net/embed/726880/4790aea5-725b-424b-ad3d-1720a4b0826f?autoplay=false&preload=false"" loading=""lazy"" style=""border:0;position:absolute;top:0;height:100%;width:100%"" allowfullscreen=""true""></iframe></div>"
"№17","Видео-конспект Вебинар 17 Счетная планиметрия Часть-3","10,8","4","abbed7cc-04b4-4f94-8990-acad46aa1fa5","https://iframe.mediadelivery.net/embed/726880/abbed7cc-04b4-4f94-8990-acad46aa1fa5","","<div style=""position:relative;padding-top:56.25%""><iframe src=""https://iframe.mediadelivery.net/embed/726880/abbed7cc-04b4-4f94-8990-acad46aa1fa5?autoplay=false&preload=false"" loading=""lazy"" style=""border:0;position:absolute;top:0;height:100%;width:100%"" allowfullscreen=""true""></iframe></div>"
"№17","Видео-конспект Вебинар 18 №1,17 из ЕГЭ прошлых лет на вписанные углы","13,3","4","0b058ccd-abdf-4410-9df1-fb9d7b6e4c75","https://iframe.mediadelivery.net/embed/726880/0b058ccd-abdf-4410-9df1-fb9d7b6e4c75","","<div style=""position:relative;padding-top:56.25%""><iframe src=""https://iframe.mediadelivery.net/embed/726880/0b058ccd-abdf-4410-9df1-fb9d7b6e4c75?autoplay=false&preload=false"" loading=""lazy"" style=""border:0;position:absolute;top:0;height:100%;width:100%"" allowfullscreen=""true""></iframe></div>"
"№17","Видео-конспект Вебинар 19 №17 Лемма о трезубце. Вписанная и вневписанная окружности","20","4","6aff08fe-c3f5-47a1-bb92-88688a1dce00","https://iframe.mediadelivery.net/embed/726880/6aff08fe-c3f5-47a1-bb92-88688a1dce00","","<div style=""position:relative;padding-top:56.25%""><iframe src=""https://iframe.mediadelivery.net/embed/726880/6aff08fe-c3f5-47a1-bb92-88688a1dce00?autoplay=false&preload=false"" loading=""lazy"" style=""border:0;position:absolute;top:0;height:100%;width:100%"" allowfullscreen=""true""></iframe></div>"
"№17","Видео-конспект Вебинар 2 Медиана, биссектриса, высота","27,5","4","7333df25-3c2d-4406-b2fa-eb04c5cdd7ea","https://iframe.mediadelivery.net/embed/726880/7333df25-3c2d-4406-b2fa-eb04c5cdd7ea","","<div style=""position:relative;padding-top:56.25%""><iframe src=""https://iframe.mediadelivery.net/embed/726880/7333df25-3c2d-4406-b2fa-eb04c5cdd7ea?autoplay=false&preload=false"" loading=""lazy"" style=""border:0;position:absolute;top:0;height:100%;width:100%"" allowfullscreen=""true""></iframe></div>"
"№17","Видео-конспект Вебинар 21. Шпаргалка №17 ВСЕ КОНСТРУКЦИИ по планиметрии","60,7","4","e84a8beb-485c-4116-8543-a5c2be7e3219","https://iframe.mediadelivery.net/embed/726880/e84a8beb-485c-4116-8543-a5c2be7e3219","","<div style=""position:relative;padding-top:56.25%""><iframe src=""https://iframe.mediadelivery.net/embed/726880/e84a8beb-485c-4116-8543-a5c2be7e3219?autoplay=false&preload=false"" loading=""lazy"" style=""border:0;position:absolute;top:0;height:100%;width:100%"" allowfullscreen=""true""></iframe></div>"
"№17","Видео-конспект Вебинар 25 Решаем все прототипы №1 из сборника Ященко","29","4","23046407-6361-4be6-ab51-b37f408b5bd4","https://iframe.mediadelivery.net/embed/726880/23046407-6361-4be6-ab51-b37f408b5bd4","","<div style=""position:relative;padding-top:56.25%""><iframe src=""https://iframe.mediadelivery.net/embed/726880/23046407-6361-4be6-ab51-b37f408b5bd4?autoplay=false&preload=false"" loading=""lazy"" style=""border:0;position:absolute;top:0;height:100%;width:100%"" allowfullscreen=""true""></iframe></div>"
"№17","Видео-конспект Вебинар 3 Подобие треугольников Теорема Менелая","15,6","4","c42eedea-bc0f-441b-8d72-39a48eec5edc","https://iframe.mediadelivery.net/embed/726880/c42eedea-bc0f-441b-8d72-39a48eec5edc","","<div style=""position:relative;padding-top:56.25%""><iframe src=""https://iframe.mediadelivery.net/embed/726880/c42eedea-bc0f-441b-8d72-39a48eec5edc?autoplay=false&preload=false"" loading=""lazy"" style=""border:0;position:absolute;top:0;height:100%;width:100%"" allowfullscreen=""true""></iframe></div>"
"№17","Видео-конспект Вебинар 4 Трапеция. Свойства. Дополнительные построения","17,1","4","32a806d9-4033-464a-9723-c6dfb5bb2516","https://iframe.mediadelivery.net/embed/726880/32a806d9-4033-464a-9723-c6dfb5bb2516","","<div style=""position:relative;padding-top:56.25%""><iframe src=""https://iframe.mediadelivery.net/embed/726880/32a806d9-4033-464a-9723-c6dfb5bb2516?autoplay=false&preload=false"" loading=""lazy"" style=""border:0;position:absolute;top:0;height:100%;width:100%"" allowfullscreen=""true""></iframe></div>"
"№17","Видео-конспект Вебинар 5 Все прототипы №1 из ЕГЭ по математике за 30 минут Планиметрия с нуля и до ЕГЭ","30,7","4","f8e8c673-6068-4c5e-8273-200883293f2b","https://iframe.mediadelivery.net/embed/726880/f8e8c673-6068-4c5e-8273-200883293f2b","","<div style=""position:relative;padding-top:56.25%""><iframe src=""https://iframe.mediadelivery.net/embed/726880/f8e8c673-6068-4c5e-8273-200883293f2b?autoplay=false&preload=false"" loading=""lazy"" style=""border:0;position:absolute;top:0;height:100%;width:100%"" allowfullscreen=""true""></iframe></div>"
"№17","Видео-конспект Вебинар 6 Доп. построения в трапеции","2,4","4","afcce9d7-f413-4b3d-a105-bd37b29f002d","https://iframe.mediadelivery.net/embed/726880/afcce9d7-f413-4b3d-a105-bd37b29f002d","","<div style=""position:relative;padding-top:56.25%""><iframe src=""https://iframe.mediadelivery.net/embed/726880/afcce9d7-f413-4b3d-a105-bd37b29f002d?autoplay=false&preload=false"" loading=""lazy"" style=""border:0;position:absolute;top:0;height:100%;width:100%"" allowfullscreen=""true""></iframe></div>"
"№17","Видео-конспект Вебинар 7 Теорема Менелая, Чевы Счет отрезков и площади","14,4","4","56d09408-e632-435f-b332-6b04815c0ed9","https://iframe.mediadelivery.net/embed/726880/56d09408-e632-435f-b332-6b04815c0ed9","","<div style=""position:relative;padding-top:56.25%""><iframe src=""https://iframe.mediadelivery.net/embed/726880/56d09408-e632-435f-b332-6b04815c0ed9?autoplay=false&preload=false"" loading=""lazy"" style=""border:0;position:absolute;top:0;height:100%;width:100%"" allowfullscreen=""true""></iframe></div>"
"№17","Видео-конспект Вебинар 8 Дополнительные построения Сложные конструкции с трапецией","14,3","4","061f8306-d022-4b47-96a8-6a77e859f36a","https://iframe.mediadelivery.net/embed/726880/061f8306-d022-4b47-96a8-6a77e859f36a","","<div style=""position:relative;padding-top:56.25%""><iframe src=""https://iframe.mediadelivery.net/embed/726880/061f8306-d022-4b47-96a8-6a77e859f36a?autoplay=false&preload=false"" loading=""lazy"" style=""border:0;position:absolute;top:0;height:100%;width:100%"" allowfullscreen=""true""></iframe></div>"
"№17","Видео-конспект Вебинар 9 СЛИВ ВСЕХ прототипов №1 из ЕГЭ 2025 по математике","36,7","4","0016b4df-58da-4ba4-b94a-cdc2d4584d86","https://iframe.mediadelivery.net/embed/726880/0016b4df-58da-4ba4-b94a-cdc2d4584d86","","<div style=""position:relative;padding-top:56.25%""><iframe src=""https://iframe.mediadelivery.net/embed/726880/0016b4df-58da-4ba4-b94a-cdc2d4584d86?autoplay=false&preload=false"" loading=""lazy"" style=""border:0;position:absolute;top:0;height:100%;width:100%"" allowfullscreen=""true""></iframe></div>"
"№17","Видео-конспект Вебинар №24. Лемма 255,Прямая Симпсона,окружность Эйлера,Брахмагупта","24,2","4","6d57313e-32fe-4bca-8d6b-b942f99a21db","https://iframe.mediadelivery.net/embed/726880/6d57313e-32fe-4bca-8d6b-b942f99a21db","","<div style=""position:relative;padding-top:56.25%""><iframe src=""https://iframe.mediadelivery.net/embed/726880/6d57313e-32fe-4bca-8d6b-b942f99a21db?autoplay=false&preload=false"" loading=""lazy"" style=""border:0;position:absolute;top:0;height:100%;width:100%"" allowfullscreen=""true""></iframe></div>"
"№17","Видео-конспект СЛИВ ВСЕХ 17 которые будут на ЕГЭ 2026 по математ","21,2","4","94a3ca0b-a7ee-41f8-82ce-2063898c92ab","https://iframe.mediadelivery.net/embed/726880/94a3ca0b-a7ee-41f8-82ce-2063898c92ab","","<div style=""position:relative;padding-top:56.25%""><iframe src=""https://iframe.mediadelivery.net/embed/726880/94a3ca0b-a7ee-41f8-82ce-2063898c92ab?autoplay=false&preload=false"" loading=""lazy"" style=""border:0;position:absolute;top:0;height:100%;width:100%"" allowfullscreen=""true""></iframe></div>"
"№17","Видео-конcпект Шпаргалка 117 Все факты по планиметрии видео с ка","35,7","4","5c7a1747-0529-4e9c-8572-4879d909a31d","https://iframe.mediadelivery.net/embed/726880/5c7a1747-0529-4e9c-8572-4879d909a31d","","<div style=""position:relative;padding-top:56.25%""><iframe src=""https://iframe.mediadelivery.net/embed/726880/5c7a1747-0529-4e9c-8572-4879d909a31d?autoplay=false&preload=false"" loading=""lazy"" style=""border:0;position:absolute;top:0;height:100%;width:100%"" allowfullscreen=""true""></iframe></div>"
"№18 Алгебра","Видео-конспект Вебинар 1. Введение в параметры с нуля. Исследование уравнений и неравенств при всех значениях параметра","9,3","4","8531095c-fed6-48ae-9965-9eecbe0cb07c","https://iframe.mediadelivery.net/embed/726880/8531095c-fed6-48ae-9965-9eecbe0cb07c","","<div style=""position:relative;padding-top:56.25%""><iframe src=""https://iframe.mediadelivery.net/embed/726880/8531095c-fed6-48ae-9965-9eecbe0cb07c?autoplay=false&preload=false"" loading=""lazy"" style=""border:0;position:absolute;top:0;height:100%;width:100%"" allowfullscreen=""true""></iframe></div>"
"№18 Алгебра","Видео-конспект Вебинар 10. Системы уравнений — Параметры с тригонометрией и другие задачи на алгебру","15,6","4","89016063-a03c-4bfd-a2b5-56ded87c06a7","https://iframe.mediadelivery.net/embed/726880/89016063-a03c-4bfd-a2b5-56ded87c06a7","","<div style=""position:relative;padding-top:56.25%""><iframe src=""https://iframe.mediadelivery.net/embed/726880/89016063-a03c-4bfd-a2b5-56ded87c06a7?autoplay=false&preload=false"" loading=""lazy"" style=""border:0;position:absolute;top:0;height:100%;width:100%"" allowfullscreen=""true""></iframe></div>"
"№18 Алгебра","Видео-конспект Вебинар 2. Свойства квадратичной функции. Метод гвоздей","8,1","4","07f267d8-adfe-47f2-9d63-e50fee7026f7","https://iframe.mediadelivery.net/embed/726880/07f267d8-adfe-47f2-9d63-e50fee7026f7","","<div style=""position:relative;padding-top:56.25%""><iframe src=""https://iframe.mediadelivery.net/embed/726880/07f267d8-adfe-47f2-9d63-e50fee7026f7?autoplay=false&preload=false"" loading=""lazy"" style=""border:0;position:absolute;top:0;height:100%;width:100%"" allowfullscreen=""true""></iframe></div>"
"№18 Алгебра","Видео-конспект Вебинар 3. Свойства квадратичной функции-2","10,2","4","0984f8ba-0c3b-427a-9d13-d6600eed5f90","https://iframe.mediadelivery.net/embed/726880/0984f8ba-0c3b-427a-9d13-d6600eed5f90","","<div style=""position:relative;padding-top:56.25%""><iframe src=""https://iframe.mediadelivery.net/embed/726880/0984f8ba-0c3b-427a-9d13-d6600eed5f90?autoplay=false&preload=false"" loading=""lazy"" style=""border:0;position:absolute;top:0;height:100%;width:100%"" allowfullscreen=""true""></iframe></div>"
"№18 Алгебра","Видео-конспект Вебинар 4. Метод хорошегоплохого корня","14,8","4","3ed25c5e-ce4b-4bbd-8e52-b54173b8b332","https://iframe.mediadelivery.net/embed/726880/3ed25c5e-ce4b-4bbd-8e52-b54173b8b332","","<div style=""position:relative;padding-top:56.25%""><iframe src=""https://iframe.mediadelivery.net/embed/726880/3ed25c5e-ce4b-4bbd-8e52-b54173b8b332?autoplay=false&preload=false"" loading=""lazy"" style=""border:0;position:absolute;top:0;height:100%;width:100%"" allowfullscreen=""true""></iframe></div>"
"№18 Алгебра","Видео-конспект Вебинар 5. Решаем параметры из ЕГЭ прошлых лет","15,1","4","568574a2-4a5e-4de1-b55b-7be40d3f9f85","https://iframe.mediadelivery.net/embed/726880/568574a2-4a5e-4de1-b55b-7be40d3f9f85","","<div style=""position:relative;padding-top:56.25%""><iframe src=""https://iframe.mediadelivery.net/embed/726880/568574a2-4a5e-4de1-b55b-7be40d3f9f85?autoplay=false&preload=false"" loading=""lazy"" style=""border:0;position:absolute;top:0;height:100%;width:100%"" allowfullscreen=""true""></iframe></div>"
"№18 Алгебра","Видео-конспект Вебинар 6. Параметры с модулем и корнями","16,9","4","6d7be479-30cd-4e9c-be6d-c6aeca7ec19b","https://iframe.mediadelivery.net/embed/726880/6d7be479-30cd-4e9c-be6d-c6aeca7ec19b","","<div style=""position:relative;padding-top:56.25%""><iframe src=""https://iframe.mediadelivery.net/embed/726880/6d7be479-30cd-4e9c-be6d-c6aeca7ec19b?autoplay=false&preload=false"" loading=""lazy"" style=""border:0;position:absolute;top:0;height:100%;width:100%"" allowfullscreen=""true""></iframe></div>"
"№18 Алгебра","Видео-конспект Вебинар 7. Замена в параметре","13,6","4","6f509102-9b0e-4829-a184-a90cbb2cb89d","https://iframe.mediadelivery.net/embed/726880/6f509102-9b0e-4829-a184-a90cbb2cb89d","","<div style=""position:relative;padding-top:56.25%""><iframe src=""https://iframe.mediadelivery.net/embed/726880/6f509102-9b0e-4829-a184-a90cbb2cb89d?autoplay=false&preload=false"" loading=""lazy"" style=""border:0;position:absolute;top:0;height:100%;width:100%"" allowfullscreen=""true""></iframe></div>"
"№18 Алгебра","Видео-конспект Вебинар 8. Замена в параметре. Часть-2","16,9","4","3382da7a-4a1d-4575-8cc0-862ff3df9d4f","https://iframe.mediadelivery.net/embed/726880/3382da7a-4a1d-4575-8cc0-862ff3df9d4f","","<div style=""position:relative;padding-top:56.25%""><iframe src=""https://iframe.mediadelivery.net/embed/726880/3382da7a-4a1d-4575-8cc0-862ff3df9d4f?autoplay=false&preload=false"" loading=""lazy"" style=""border:0;position:absolute;top:0;height:100%;width:100%"" allowfullscreen=""true""></iframe></div>"
"№18 Алгебра","Видео-конспект Вебинар 9 Шпаргалка 18 Блок АЛГЕБРА видео с канала ЕГЭ 2026","39,7","4","6b0fd93a-cb98-41c7-82ac-199d38390f84","https://iframe.mediadelivery.net/embed/726880/6b0fd93a-cb98-41c7-82ac-199d38390f84","","<div style=""position:relative;padding-top:56.25%""><iframe src=""https://iframe.mediadelivery.net/embed/726880/6b0fd93a-cb98-41c7-82ac-199d38390f84?autoplay=false&preload=false"" loading=""lazy"" style=""border:0;position:absolute;top:0;height:100%;width:100%"" allowfullscreen=""true""></iframe></div>"
"№18 без категории","Видео-конспект 18 из ЕГЭ 2025 Практика видео с канала ЕГЭ 2026 П","25,6","4","125b0626-f949-4035-898a-fe5e23ecf8ea","https://iframe.mediadelivery.net/embed/726880/125b0626-f949-4035-898a-fe5e23ecf8ea","","<div style=""position:relative;padding-top:56.25%""><iframe src=""https://iframe.mediadelivery.net/embed/726880/125b0626-f949-4035-898a-fe5e23ecf8ea?autoplay=false&preload=false"" loading=""lazy"" style=""border:0;position:absolute;top:0;height:100%;width:100%"" allowfullscreen=""true""></iframe></div>"
"№18 без категории","Видео-конспект Вебинар 2. Решаем №18 из сборника Ященко 2025 Варианты 1-5 Параметры из ЕГЭ по математике","36","4","532b7eef-8dfd-4917-a0a1-171795296bdb","https://iframe.mediadelivery.net/embed/726880/532b7eef-8dfd-4917-a0a1-171795296bdb","","<div style=""position:relative;padding-top:56.25%""><iframe src=""https://iframe.mediadelivery.net/embed/726880/532b7eef-8dfd-4917-a0a1-171795296bdb?autoplay=false&preload=false"" loading=""lazy"" style=""border:0;position:absolute;top:0;height:100%;width:100%"" allowfullscreen=""true""></iframe></div>"
"№18 Графика","Вебинар 1. Старт блока Графика — График модуля — Комбинация модулей — Графический анализ замены","30,8","4","62fa83ee-878a-43f7-8536-2e172d899ebc","https://iframe.mediadelivery.net/embed/726880/62fa83ee-878a-43f7-8536-2e172d899ebc","","<div style=""position:relative;padding-top:56.25%""><iframe src=""https://iframe.mediadelivery.net/embed/726880/62fa83ee-878a-43f7-8536-2e172d899ebc?autoplay=false&preload=false"" loading=""lazy"" style=""border:0;position:absolute;top:0;height:100%;width:100%"" allowfullscreen=""true""></iframe></div>"
"№18 Графика","Вебинар 10 Траектория движения. Корыто и модули. Часть-1","13,5","4","d79b17db-43e1-4d85-82da-6c9e67078c27","https://iframe.mediadelivery.net/embed/726880/d79b17db-43e1-4d85-82da-6c9e67078c27","","<div style=""position:relative;padding-top:56.25%""><iframe src=""https://iframe.mediadelivery.net/embed/726880/d79b17db-43e1-4d85-82da-6c9e67078c27?autoplay=false&preload=false"" loading=""lazy"" style=""border:0;position:absolute;top:0;height:100%;width:100%"" allowfullscreen=""true""></iframe></div>"
"№18 Графика","Вебинар 11 Траектория движения. Корыто и модули. Часть-2","14,6","4","9c93253c-c234-430f-9114-acf6ad10a19a","https://iframe.mediadelivery.net/embed/726880/9c93253c-c234-430f-9114-acf6ad10a19a","","<div style=""position:relative;padding-top:56.25%""><iframe src=""https://iframe.mediadelivery.net/embed/726880/9c93253c-c234-430f-9114-acf6ad10a19a?autoplay=false&preload=false"" loading=""lazy"" style=""border:0;position:absolute;top:0;height:100%;width:100%"" allowfullscreen=""true""></iframe></div>"
"№18 Графика","Вебинар 12 Метод xOa. Разрывная. Часть-2","11","4","6af00925-2f18-4730-b2fa-65c8d2e2bfd4","https://iframe.mediadelivery.net/embed/726880/6af00925-2f18-4730-b2fa-65c8d2e2bfd4","","<div style=""position:relative;padding-top:56.25%""><iframe src=""https://iframe.mediadelivery.net/embed/726880/6af00925-2f18-4730-b2fa-65c8d2e2bfd4?autoplay=false&preload=false"" loading=""lazy"" style=""border:0;position:absolute;top:0;height:100%;width:100%"" allowfullscreen=""true""></iframe></div>"
"№18 Графика","Вебинар 13 Уравнение квадрата и модули Часть-1","14,6","4","a22788d8-7e5b-4fab-b7ed-eaa6b2f5c065","https://iframe.mediadelivery.net/embed/726880/a22788d8-7e5b-4fab-b7ed-eaa6b2f5c065","","<div style=""position:relative;padding-top:56.25%""><iframe src=""https://iframe.mediadelivery.net/embed/726880/a22788d8-7e5b-4fab-b7ed-eaa6b2f5c065?autoplay=false&preload=false"" loading=""lazy"" style=""border:0;position:absolute;top:0;height:100%;width:100%"" allowfullscreen=""true""></iframe></div>"
"№18 Графика","Вебинар 14 Метод областей. Границы области, зависящие от параметра","12,7","4","3f17e87d-360a-41d7-9032-7953d73e4423","https://iframe.mediadelivery.net/embed/726880/3f17e87d-360a-41d7-9032-7953d73e4423","","<div style=""position:relative;padding-top:56.25%""><iframe src=""https://iframe.mediadelivery.net/embed/726880/3f17e87d-360a-41d7-9032-7953d73e4423?autoplay=false&preload=false"" loading=""lazy"" style=""border:0;position:absolute;top:0;height:100%;width:100%"" allowfullscreen=""true""></iframe></div>"
"№18 Графика","Вебинар 15 №18 Максимальноеминимальное значение функции Гипербола","19,9","4","712f97ca-8c7a-4aa6-a376-894bde20b28d","https://iframe.mediadelivery.net/embed/726880/712f97ca-8c7a-4aa6-a376-894bde20b28d","","<div style=""position:relative;padding-top:56.25%""><iframe src=""https://iframe.mediadelivery.net/embed/726880/712f97ca-8c7a-4aa6-a376-894bde20b28d?autoplay=false&preload=false"" loading=""lazy"" style=""border:0;position:absolute;top:0;height:100%;width:100%"" allowfullscreen=""true""></iframe></div>"
"№18 Графика","Вебинар 2. Модули, парабола, касание","23,6","4","c41ce9ec-2bce-4670-b426-b12e5e372e6b","https://iframe.mediadelivery.net/embed/726880/c41ce9ec-2bce-4670-b426-b12e5e372e6b","","<div style=""position:relative;padding-top:56.25%""><iframe src=""https://iframe.mediadelivery.net/embed/726880/c41ce9ec-2bce-4670-b426-b12e5e372e6b?autoplay=false&preload=false"" loading=""lazy"" style=""border:0;position:absolute;top:0;height:100%;width:100%"" allowfullscreen=""true""></iframe></div>"
"№18 Графика","Вебинар 3 Движение прямой. Касание прямой и параболы. Модули и отражение","14,3","4","fea39302-1fe5-4281-a305-b31443d59271","https://iframe.mediadelivery.net/embed/726880/fea39302-1fe5-4281-a305-b31443d59271","","<div style=""position:relative;padding-top:56.25%""><iframe src=""https://iframe.mediadelivery.net/embed/726880/fea39302-1fe5-4281-a305-b31443d59271?autoplay=false&preload=false"" loading=""lazy"" style=""border:0;position:absolute;top:0;height:100%;width:100%"" allowfullscreen=""true""></iframe></div>"
"№18 Графика","Вебинар 4. Касание прямой и параболы. Модули и отражение — Часть-2","18,7","4","6f69d821-55a3-4e8e-9f42-89c3c618e291","https://iframe.mediadelivery.net/embed/726880/6f69d821-55a3-4e8e-9f42-89c3c618e291","","<div style=""position:relative;padding-top:56.25%""><iframe src=""https://iframe.mediadelivery.net/embed/726880/6f69d821-55a3-4e8e-9f42-89c3c618e291?autoplay=false&preload=false"" loading=""lazy"" style=""border:0;position:absolute;top:0;height:100%;width:100%"" allowfullscreen=""true""></iframe></div>"
"№18 Графика","Вебинар 5. Графика из ЕГЭ 2023 — Окружность, парабола, касание и области","14,2","4","7b13d60c-f365-42b5-a24a-126481901296","https://iframe.mediadelivery.net/embed/726880/7b13d60c-f365-42b5-a24a-126481901296","","<div style=""position:relative;padding-top:56.25%""><iframe src=""https://iframe.mediadelivery.net/embed/726880/7b13d60c-f365-42b5-a24a-126481901296?autoplay=false&preload=false"" loading=""lazy"" style=""border:0;position:absolute;top:0;height:100%;width:100%"" allowfullscreen=""true""></iframe></div>"
"№18 Графика","Вебинар 6 Метод xOa. Разрывная. Часть-1","14","4","5ba63946-b0ed-4c1d-bd47-5eacc6805001","https://iframe.mediadelivery.net/embed/726880/5ba63946-b0ed-4c1d-bd47-5eacc6805001","","<div style=""position:relative;padding-top:56.25%""><iframe src=""https://iframe.mediadelivery.net/embed/726880/5ba63946-b0ed-4c1d-bd47-5eacc6805001?autoplay=false&preload=false"" loading=""lazy"" style=""border:0;position:absolute;top:0;height:100%;width:100%"" allowfullscreen=""true""></iframe></div>"
"№18 Графика","Вебинар 7. Шпаргалка №18 — Блок ГРАФИКА — Часть 1","23,5","4","2fcee137-5a71-4c68-a897-beacc66e9215","https://iframe.mediadelivery.net/embed/726880/2fcee137-5a71-4c68-a897-beacc66e9215","","<div style=""position:relative;padding-top:56.25%""><iframe src=""https://iframe.mediadelivery.net/embed/726880/2fcee137-5a71-4c68-a897-beacc66e9215?autoplay=false&preload=false"" loading=""lazy"" style=""border:0;position:absolute;top:0;height:100%;width:100%"" allowfullscreen=""true""></iframe></div>"
"№18 Графика","Вебинар 8 Окружность и полуокружность. Касание через формулу расстояния","14,3","4","ac87eceb-17af-42a4-9dae-3fc938c3bcda","https://iframe.mediadelivery.net/embed/726880/ac87eceb-17af-42a4-9dae-3fc938c3bcda","","<div style=""position:relative;padding-top:56.25%""><iframe src=""https://iframe.mediadelivery.net/embed/726880/ac87eceb-17af-42a4-9dae-3fc938c3bcda?autoplay=false&preload=false"" loading=""lazy"" style=""border:0;position:absolute;top:0;height:100%;width:100%"" allowfullscreen=""true""></iframe></div>"
"№18 Графика","Вебинар 9 Видео-конспект Шпаргалка 18 Блок ГРАФИКА Часть 2 видео с канала","50,6","4","c8842827-56d4-4d38-8a24-2901ec4933c7","https://iframe.mediadelivery.net/embed/726880/c8842827-56d4-4d38-8a24-2901ec4933c7","","<div style=""position:relative;padding-top:56.25%""><iframe src=""https://iframe.mediadelivery.net/embed/726880/c8842827-56d4-4d38-8a24-2901ec4933c7?autoplay=false&preload=false"" loading=""lazy"" style=""border:0;position:absolute;top:0;height:100%;width:100%"" allowfullscreen=""true""></iframe></div>"
"№18 Графика","Видео-конспект Вебинар 2 Пучок прямых, касание и области","16,7","4","cbc487ec-87cd-4400-8820-a9cf2b9fa1d7","https://iframe.mediadelivery.net/embed/726880/cbc487ec-87cd-4400-8820-a9cf2b9fa1d7","","<div style=""position:relative;padding-top:56.25%""><iframe src=""https://iframe.mediadelivery.net/embed/726880/cbc487ec-87cd-4400-8820-a9cf2b9fa1d7?autoplay=false&preload=false"" loading=""lazy"" style=""border:0;position:absolute;top:0;height:100%;width:100%"" allowfullscreen=""true""></iframe></div>"
"№18 Графика","Видео-конспект Вебинар 3 Графика из ЕГЭ 2023 Окружность, парабола, касание и области","18,8","4","dca64184-179e-420b-a84a-68fe7a6d1e10","https://iframe.mediadelivery.net/embed/726880/dca64184-179e-420b-a84a-68fe7a6d1e10","","<div style=""position:relative;padding-top:56.25%""><iframe src=""https://iframe.mediadelivery.net/embed/726880/dca64184-179e-420b-a84a-68fe7a6d1e10?autoplay=false&preload=false"" loading=""lazy"" style=""border:0;position:absolute;top:0;height:100%;width:100%"" allowfullscreen=""true""></iframe></div>"
"№18 Функции","Видео-конспект — Вебинар 1. №18 Функции — Монотонность, четность, доминирующий модуль","35,3","4","5173bdee-07a2-4550-a264-03f6c8083698","https://iframe.mediadelivery.net/embed/726880/5173bdee-07a2-4550-a264-03f6c8083698","","<div style=""position:relative;padding-top:56.25%""><iframe src=""https://iframe.mediadelivery.net/embed/726880/5173bdee-07a2-4550-a264-03f6c8083698?autoplay=false&preload=false"" loading=""lazy"" style=""border:0;position:absolute;top:0;height:100%;width:100%"" allowfullscreen=""true""></iframe></div>"
"№18 Функции","Видео-конспект — Вебинар 2. №18 Уравнения отрезка, квадрата — Исследование функции","25,3","4","bd36ae71-f22b-4b89-b4aa-66468fa87d79","https://iframe.mediadelivery.net/embed/726880/bd36ae71-f22b-4b89-b4aa-66468fa87d79","","<div style=""position:relative;padding-top:56.25%""><iframe src=""https://iframe.mediadelivery.net/embed/726880/bd36ae71-f22b-4b89-b4aa-66468fa87d79?autoplay=false&preload=false"" loading=""lazy"" style=""border:0;position:absolute;top:0;height:100%;width:100%"" allowfullscreen=""true""></iframe></div>"
"№18 Функции","Видео-конспект Вебинар 3. РЕАЛЬНЫЙ СЛИВ №18 ИЗ ЕГЭ 2026 ПО МАТЕМАТИКЕ СЛОЖНЫЕ ПАРАМЕТРЫ","27,4","4","ce35ce14-77a8-478e-b782-d412093a6194","https://iframe.mediadelivery.net/embed/726880/ce35ce14-77a8-478e-b782-d412093a6194","","<div style=""position:relative;padding-top:56.25%""><iframe src=""https://iframe.mediadelivery.net/embed/726880/ce35ce14-77a8-478e-b782-d412093a6194?autoplay=false&preload=false"" loading=""lazy"" style=""border:0;position:absolute;top:0;height:100%;width:100%"" allowfullscreen=""true""></iframe></div>"
"№19","Видео-конспект — Вебинар 10. №19 из ЕГЭ 2024 и ЕГКР 2025","14,6","4","ddc28d81-76cc-4c8d-9ac5-b3d5dbe51292","https://iframe.mediadelivery.net/embed/726880/ddc28d81-76cc-4c8d-9ac5-b3d5dbe51292","","<div style=""position:relative;padding-top:56.25%""><iframe src=""https://iframe.mediadelivery.net/embed/726880/ddc28d81-76cc-4c8d-9ac5-b3d5dbe51292?autoplay=false&preload=false"" loading=""lazy"" style=""border:0;position:absolute;top:0;height:100%;width:100%"" allowfullscreen=""true""></iframe></div>"
"№19","Видео-конспект — Вебинар 11. Работа с цифрами числа","16,1","4","f7548db7-2deb-4ae1-9f4e-ffe9be5d61a6","https://iframe.mediadelivery.net/embed/726880/f7548db7-2deb-4ae1-9f4e-ffe9be5d61a6","","<div style=""position:relative;padding-top:56.25%""><iframe src=""https://iframe.mediadelivery.net/embed/726880/f7548db7-2deb-4ae1-9f4e-ffe9be5d61a6?autoplay=false&preload=false"" loading=""lazy"" style=""border:0;position:absolute;top:0;height:100%;width:100%"" allowfullscreen=""true""></iframe></div>"
"№19","Видео-конспект — Вебинар 12. ОТА, НОК и НОД","17,4","4","3d150a19-033e-4d9d-bfba-fd416ed1f945","https://iframe.mediadelivery.net/embed/726880/3d150a19-033e-4d9d-bfba-fd416ed1f945","","<div style=""position:relative;padding-top:56.25%""><iframe src=""https://iframe.mediadelivery.net/embed/726880/3d150a19-033e-4d9d-bfba-fd416ed1f945?autoplay=false&preload=false"" loading=""lazy"" style=""border:0;position:absolute;top:0;height:100%;width:100%"" allowfullscreen=""true""></iframe></div>"
"№19","Видео-конспект — Вебинар 14. Работа с цифрами числа — Часть-2","12,2","4","8256ea13-03c2-4f55-a679-4f31b08da568","https://iframe.mediadelivery.net/embed/726880/8256ea13-03c2-4f55-a679-4f31b08da568","","<div style=""position:relative;padding-top:56.25%""><iframe src=""https://iframe.mediadelivery.net/embed/726880/8256ea13-03c2-4f55-a679-4f31b08da568?autoplay=false&preload=false"" loading=""lazy"" style=""border:0;position:absolute;top:0;height:100%;width:100%"" allowfullscreen=""true""></iframe></div>"
"№19","Видео-конспект — Вебинар 15. Работа с цифрами числа — Часть-3","14","4","aa3cef5d-2fc9-447c-b7ed-763723f30e5c","https://iframe.mediadelivery.net/embed/726880/aa3cef5d-2fc9-447c-b7ed-763723f30e5c","","<div style=""position:relative;padding-top:56.25%""><iframe src=""https://iframe.mediadelivery.net/embed/726880/aa3cef5d-2fc9-447c-b7ed-763723f30e5c?autoplay=false&preload=false"" loading=""lazy"" style=""border:0;position:absolute;top:0;height:100%;width:100%"" allowfullscreen=""true""></iframe></div>"
"№19","Видео-конспект — Вебинар 16. №19 — Задачи из ЕГЭ на разные темы — ЕГЭ 2021, 2022","12,2","4","6eb00e34-4cee-403c-946b-54019034ae45","https://iframe.mediadelivery.net/embed/726880/6eb00e34-4cee-403c-946b-54019034ae45","","<div style=""position:relative;padding-top:56.25%""><iframe src=""https://iframe.mediadelivery.net/embed/726880/6eb00e34-4cee-403c-946b-54019034ae45?autoplay=false&preload=false"" loading=""lazy"" style=""border:0;position:absolute;top:0;height:100%;width:100%"" allowfullscreen=""true""></iframe></div>"
"№19","Видео-конспект — Вебинар 17. №19 на арифметическую и геометрическую прогрессию","19,3","4","6c789efa-516e-45ab-b62e-8ed45b000b0a","https://iframe.mediadelivery.net/embed/726880/6c789efa-516e-45ab-b62e-8ed45b000b0a","","<div style=""position:relative;padding-top:56.25%""><iframe src=""https://iframe.mediadelivery.net/embed/726880/6c789efa-516e-45ab-b62e-8ed45b000b0a?autoplay=false&preload=false"" loading=""lazy"" style=""border:0;position:absolute;top:0;height:100%;width:100%"" allowfullscreen=""true""></iframe></div>"
"№19","Видео-конспект — Вебинар 18. №19 на доли и проценты — Часть-1","15,9","4","2997020a-78ae-4ed5-9d96-243da3fbc0eb","https://iframe.mediadelivery.net/embed/726880/2997020a-78ae-4ed5-9d96-243da3fbc0eb","","<div style=""position:relative;padding-top:56.25%""><iframe src=""https://iframe.mediadelivery.net/embed/726880/2997020a-78ae-4ed5-9d96-243da3fbc0eb?autoplay=false&preload=false"" loading=""lazy"" style=""border:0;position:absolute;top:0;height:100%;width:100%"" allowfullscreen=""true""></iframe></div>"
"№19","Видео-конспект — Вебинар 19. №19 на доли и проценты — Часть-2","13,4","4","2b83c819-07f3-458a-9d0e-fafada70d3b2","https://iframe.mediadelivery.net/embed/726880/2b83c819-07f3-458a-9d0e-fafada70d3b2","","<div style=""position:relative;padding-top:56.25%""><iframe src=""https://iframe.mediadelivery.net/embed/726880/2b83c819-07f3-458a-9d0e-fafada70d3b2?autoplay=false&preload=false"" loading=""lazy"" style=""border:0;position:absolute;top:0;height:100%;width:100%"" allowfullscreen=""true""></iframe></div>"
"№19","Видео-конспект — Вебинар 20. №19 на игры","9,9","4","76c5b6cc-289b-4ee0-846b-856787defc89","https://iframe.mediadelivery.net/embed/726880/76c5b6cc-289b-4ee0-846b-856787defc89","","<div style=""position:relative;padding-top:56.25%""><iframe src=""https://iframe.mediadelivery.net/embed/726880/76c5b6cc-289b-4ee0-846b-856787defc89?autoplay=false&preload=false"" loading=""lazy"" style=""border:0;position:absolute;top:0;height:100%;width:100%"" allowfullscreen=""true""></iframe></div>"
"№19","Видео-конспект — Вебинар 22. №19 на турниры","16,4","4","5b393038-10ec-4d3e-9f73-479c6df7552c","https://iframe.mediadelivery.net/embed/726880/5b393038-10ec-4d3e-9f73-479c6df7552c","","<div style=""position:relative;padding-top:56.25%""><iframe src=""https://iframe.mediadelivery.net/embed/726880/5b393038-10ec-4d3e-9f73-479c6df7552c?autoplay=false&preload=false"" loading=""lazy"" style=""border:0;position:absolute;top:0;height:100%;width:100%"" allowfullscreen=""true""></iframe></div>"
"№19","Видео-конспект — Вебинар 23. Решаем все прототипы №19 из СБОРНИКА ЯЩЕНКО 2025 за 4 часа — Теория чисел из ЕГЭ по математике","36,4","4","192b8c3b-7cdb-4916-9919-acca56b32bb6","https://iframe.mediadelivery.net/embed/726880/192b8c3b-7cdb-4916-9919-acca56b32bb6","","<div style=""position:relative;padding-top:56.25%""><iframe src=""https://iframe.mediadelivery.net/embed/726880/192b8c3b-7cdb-4916-9919-acca56b32bb6?autoplay=false&preload=false"" loading=""lazy"" style=""border:0;position:absolute;top:0;height:100%;width:100%"" allowfullscreen=""true""></iframe></div>"
"№19","Видео-конспект — Вебинар 24. №19 Лемма о рукопожатиях, принцип Дирихле и другие олимпиадные идеи","22,4","4","e9900e59-c41b-46a1-9746-f07eadbbcd72","https://iframe.mediadelivery.net/embed/726880/e9900e59-c41b-46a1-9746-f07eadbbcd72","","<div style=""position:relative;padding-top:56.25%""><iframe src=""https://iframe.mediadelivery.net/embed/726880/e9900e59-c41b-46a1-9746-f07eadbbcd72?autoplay=false&preload=false"" loading=""lazy"" style=""border:0;position:absolute;top:0;height:100%;width:100%"" allowfullscreen=""true""></iframe></div>"
"№19","Видео-конспект Вебинар 1. Среднее арифметическое Идея минимальной суммы Четность","12","4","1f1a3475-f79b-45c8-be7c-08b9f1c1124f","https://iframe.mediadelivery.net/embed/726880/1f1a3475-f79b-45c8-be7c-08b9f1c1124f","","<div style=""position:relative;padding-top:56.25%""><iframe src=""https://iframe.mediadelivery.net/embed/726880/1f1a3475-f79b-45c8-be7c-08b9f1c1124f?autoplay=false&preload=false"" loading=""lazy"" style=""border:0;position:absolute;top:0;height:100%;width:100%"" allowfullscreen=""true""></iframe></div>"
"№19","Видео-конспект Вебинар 2. Остатки Признаки равноостаточности Делимост (2)","24,8","4","8e1336f2-ac0e-471b-b146-0b20fe57da3e","https://iframe.mediadelivery.net/embed/726880/8e1336f2-ac0e-471b-b146-0b20fe57da3e","","<div style=""position:relative;padding-top:56.25%""><iframe src=""https://iframe.mediadelivery.net/embed/726880/8e1336f2-ac0e-471b-b146-0b20fe57da3e?autoplay=false&preload=false"" loading=""lazy"" style=""border:0;position:absolute;top:0;height:100%;width:100%"" allowfullscreen=""true""></iframe></div>"
"№19","Видео-конспект Вебинар 3. Инвариант","14,3","4","273f064a-a04e-45e9-84bd-82828013e2a4","https://iframe.mediadelivery.net/embed/726880/273f064a-a04e-45e9-84bd-82828013e2a4","","<div style=""position:relative;padding-top:56.25%""><iframe src=""https://iframe.mediadelivery.net/embed/726880/273f064a-a04e-45e9-84bd-82828013e2a4?autoplay=false&preload=false"" loading=""lazy"" style=""border:0;position:absolute;top:0;height:100%;width:100%"" allowfullscreen=""true""></iframe></div>"
"№19","Видео-конспект Вебинар 4. №19 Остатки и делимость Часть-3","14,3","4","5c218ca9-f11f-447c-8749-0c5de3339fd9","https://iframe.mediadelivery.net/embed/726880/5c218ca9-f11f-447c-8749-0c5de3339fd9","","<div style=""position:relative;padding-top:56.25%""><iframe src=""https://iframe.mediadelivery.net/embed/726880/5c218ca9-f11f-447c-8749-0c5de3339fd9?autoplay=false&preload=false"" loading=""lazy"" style=""border:0;position:absolute;top:0;height:100%;width:100%"" allowfullscreen=""true""></iframe></div>"
"№19","Видео-конспект Вебинар 5. Основная теорема арифметики","17,5","4","fee8be59-b011-4c65-a73b-f82e53430bdd","https://iframe.mediadelivery.net/embed/726880/fee8be59-b011-4c65-a73b-f82e53430bdd","","<div style=""position:relative;padding-top:56.25%""><iframe src=""https://iframe.mediadelivery.net/embed/726880/fee8be59-b011-4c65-a73b-f82e53430bdd?autoplay=false&preload=false"" loading=""lazy"" style=""border:0;position:absolute;top:0;height:100%;width:100%"" allowfullscreen=""true""></iframe></div>"
"№19","Видео-конспект Вебинар 6. Составление уравнений","18,6","4","bd0ecd8f-0a85-464a-b94c-8f9a3cd053f7","https://iframe.mediadelivery.net/embed/726880/bd0ecd8f-0a85-464a-b94c-8f9a3cd053f7","","<div style=""position:relative;padding-top:56.25%""><iframe src=""https://iframe.mediadelivery.net/embed/726880/bd0ecd8f-0a85-464a-b94c-8f9a3cd053f7?autoplay=false&preload=false"" loading=""lazy"" style=""border:0;position:absolute;top:0;height:100%;width:100%"" allowfullscreen=""true""></iframe></div>"
"№19","Видео-конспект Вебинар 7. №19 из ЕГЭ на составление уравнений. Среднее арифметическое","15,3","4","32c2ddc4-9a21-4c84-8ed5-85c1e88b41cd","https://iframe.mediadelivery.net/embed/726880/32c2ddc4-9a21-4c84-8ed5-85c1e88b41cd","","<div style=""position:relative;padding-top:56.25%""><iframe src=""https://iframe.mediadelivery.net/embed/726880/32c2ddc4-9a21-4c84-8ed5-85c1e88b41cd?autoplay=false&preload=false"" loading=""lazy"" style=""border:0;position:absolute;top:0;height:100%;width:100%"" allowfullscreen=""true""></iframe></div>"
"№19","Видео-конспект Вебинар 8.","15,8","4","910d0f56-19aa-4ca4-a30c-53370b7b0e8d","https://iframe.mediadelivery.net/embed/726880/910d0f56-19aa-4ca4-a30c-53370b7b0e8d","","<div style=""position:relative;padding-top:56.25%""><iframe src=""https://iframe.mediadelivery.net/embed/726880/910d0f56-19aa-4ca4-a30c-53370b7b0e8d?autoplay=false&preload=false"" loading=""lazy"" style=""border:0;position:absolute;top:0;height:100%;width:100%"" allowfullscreen=""true""></iframe></div>"
"№19","Видео-конспект Остатки Признаки равноостаточности Делимость виде","23,4","4","9aa4640b-2dab-4b07-8f89-37ede21147ec","https://iframe.mediadelivery.net/embed/726880/9aa4640b-2dab-4b07-8f89-37ede21147ec","","<div style=""position:relative;padding-top:56.25%""><iframe src=""https://iframe.mediadelivery.net/embed/726880/9aa4640b-2dab-4b07-8f89-37ede21147ec?autoplay=false&preload=false"" loading=""lazy"" style=""border:0;position:absolute;top:0;height:100%;width:100%"" allowfullscreen=""true""></iframe></div>"
