-- ============================================================
-- DEMO USERS — создание всех тестовых пользователей
-- Пароль для всех: demo123
-- ============================================================

create extension if not exists pgcrypto;

-- ============================================================
-- 1. AUTH USERS
-- ============================================================

do $$
declare
  pwd text := crypt('demo123', gen_salt('bf'));
  now_ts timestamptz := now();
begin
  insert into auth.users (instance_id, id, aud, role, email, encrypted_password, email_confirmed_at, created_at, updated_at, raw_app_meta_data, raw_user_meta_data, confirmation_token, recovery_token)
  values
    ('00000000-0000-0000-0000-000000000000','aa000001-0000-0000-0000-000000000000','authenticated','authenticated','alex@demo.ru',             pwd,now_ts,now_ts,now_ts,'{"provider":"email","providers":["email"]}','{}','',''),
    ('00000000-0000-0000-0000-000000000000','aa000002-0000-0000-0000-000000000000','authenticated','authenticated','maria@demo.ru',            pwd,now_ts,now_ts,now_ts,'{"provider":"email","providers":["email"]}','{}','',''),
    ('00000000-0000-0000-0000-000000000000','aa000003-0000-0000-0000-000000000000','authenticated','authenticated','dima@demo.ru',             pwd,now_ts,now_ts,now_ts,'{"provider":"email","providers":["email"]}','{}','',''),
    ('00000000-0000-0000-0000-000000000000','aa000004-0000-0000-0000-000000000000','authenticated','authenticated','anna@demo.ru',             pwd,now_ts,now_ts,now_ts,'{"provider":"email","providers":["email"]}','{}','',''),
    ('00000000-0000-0000-0000-000000000000','aa000005-0000-0000-0000-000000000000','authenticated','authenticated','ivan@demo.ru',             pwd,now_ts,now_ts,now_ts,'{"provider":"email","providers":["email"]}','{}','',''),
    ('00000000-0000-0000-0000-000000000000','aa000006-0000-0000-0000-000000000000','authenticated','authenticated','sofia@demo.ru',            pwd,now_ts,now_ts,now_ts,'{"provider":"email","providers":["email"]}','{}','',''),
    ('00000000-0000-0000-0000-000000000000','aa000007-0000-0000-0000-000000000000','authenticated','authenticated','nikita@demo.ru',           pwd,now_ts,now_ts,now_ts,'{"provider":"email","providers":["email"]}','{}','',''),
    ('00000000-0000-0000-0000-000000000000','aa000008-0000-0000-0000-000000000000','authenticated','authenticated','kate@demo.ru',             pwd,now_ts,now_ts,now_ts,'{"provider":"email","providers":["email"]}','{}','',''),
    ('00000000-0000-0000-0000-000000000000','aa000009-0000-0000-0000-000000000000','authenticated','authenticated','pavel@demo.ru',            pwd,now_ts,now_ts,now_ts,'{"provider":"email","providers":["email"]}','{}','',''),
    ('00000000-0000-0000-0000-000000000000','aa000010-0000-0000-0000-000000000000','authenticated','authenticated','olga@demo.ru',             pwd,now_ts,now_ts,now_ts,'{"provider":"email","providers":["email"]}','{}','',''),
    ('00000000-0000-0000-0000-000000000000','bb000001-0000-0000-0000-000000000000','authenticated','authenticated','petrov-parent@demo.ru',    pwd,now_ts,now_ts,now_ts,'{"provider":"email","providers":["email"]}','{}','',''),
    ('00000000-0000-0000-0000-000000000000','bb000002-0000-0000-0000-000000000000','authenticated','authenticated','ivanova-parent@demo.ru',   pwd,now_ts,now_ts,now_ts,'{"provider":"email","providers":["email"]}','{}','',''),
    ('00000000-0000-0000-0000-000000000000','bb000003-0000-0000-0000-000000000000','authenticated','authenticated','kozlov-parent@demo.ru',    pwd,now_ts,now_ts,now_ts,'{"provider":"email","providers":["email"]}','{}','',''),
    ('00000000-0000-0000-0000-000000000000','cc000001-0000-0000-0000-000000000000','authenticated','authenticated','physics@demo.ru',          pwd,now_ts,now_ts,now_ts,'{"provider":"email","providers":["email"]}','{}','',''),
    ('00000000-0000-0000-0000-000000000000','cc000002-0000-0000-0000-000000000000','authenticated','authenticated','math@demo.ru',             pwd,now_ts,now_ts,now_ts,'{"provider":"email","providers":["email"]}','{}','',''),
    ('00000000-0000-0000-0000-000000000000','dd000001-0000-0000-0000-000000000000','authenticated','authenticated','curator@demo.ru',          pwd,now_ts,now_ts,now_ts,'{"provider":"email","providers":["email"]}','{}','',''),
    ('00000000-0000-0000-0000-000000000000','ee000001-0000-0000-0000-000000000000','authenticated','authenticated','admin@demo.ru',            pwd,now_ts,now_ts,now_ts,'{"provider":"email","providers":["email"]}','{}','',''),
    ('00000000-0000-0000-0000-000000000000','ff000001-0000-0000-0000-000000000000','authenticated','authenticated','owner@demo.ru',            pwd,now_ts,now_ts,now_ts,'{"provider":"email","providers":["email"]}','{}','','')
  on conflict (id) do nothing;
end $$;

-- ============================================================
-- 2. PROFILES
-- ============================================================

insert into profiles (id, email, full_name, role) values
  ('aa000001-0000-0000-0000-000000000000','alex@demo.ru',           'Алексей Петров',     'student'),
  ('aa000002-0000-0000-0000-000000000000','maria@demo.ru',          'Мария Иванова',       'student'),
  ('aa000003-0000-0000-0000-000000000000','dima@demo.ru',           'Дмитрий Козлов',     'student'),
  ('aa000004-0000-0000-0000-000000000000','anna@demo.ru',           'Анна Сидорова',       'student'),
  ('aa000005-0000-0000-0000-000000000000','ivan@demo.ru',           'Иван Новиков',        'student'),
  ('aa000006-0000-0000-0000-000000000000','sofia@demo.ru',          'София Морозова',      'student'),
  ('aa000007-0000-0000-0000-000000000000','nikita@demo.ru',         'Никита Волков',       'student'),
  ('aa000008-0000-0000-0000-000000000000','kate@demo.ru',           'Екатерина Лебедева', 'student'),
  ('aa000009-0000-0000-0000-000000000000','pavel@demo.ru',          'Павел Зайцев',        'student'),
  ('aa000010-0000-0000-0000-000000000000','olga@demo.ru',           'Ольга Семёнова',      'student'),
  ('bb000001-0000-0000-0000-000000000000','petrov-parent@demo.ru',  'Сергей Петров',       'parent'),
  ('bb000002-0000-0000-0000-000000000000','ivanova-parent@demo.ru', 'Елена Иванова',       'parent'),
  ('bb000003-0000-0000-0000-000000000000','kozlov-parent@demo.ru',  'Андрей Козлов',       'parent'),
  ('cc000001-0000-0000-0000-000000000000','physics@demo.ru',        'Виктор Андреев',      'teacher'),
  ('cc000002-0000-0000-0000-000000000000','math@demo.ru',           'Наталья Фёдорова',   'teacher'),
  ('dd000001-0000-0000-0000-000000000000','curator@demo.ru',        'Светлана Кириллова', 'curator'),
  ('ee000001-0000-0000-0000-000000000000','admin@demo.ru',          'Администратор',       'admin'),
  ('ff000001-0000-0000-0000-000000000000','owner@demo.ru',          'Алмирон Ректор',      'owner')
on conflict (id) do nothing;

-- ============================================================
-- 3. STUDENTS
-- ============================================================

insert into students (id, profile_id, grade, target_exam, target_subject, target_score, xp_points, league) values
  ('a1000001-0000-0000-0000-000000000000','aa000001-0000-0000-0000-000000000000',11,'ege','physics',85,2450,'silver'),
  ('a1000002-0000-0000-0000-000000000000','aa000002-0000-0000-0000-000000000000',11,'ege','physics',90,3820,'gold'),
  ('a1000003-0000-0000-0000-000000000000','aa000003-0000-0000-0000-000000000000',10,'oge','math',   0, 1200,'bronze'),
  ('a1000004-0000-0000-0000-000000000000','aa000004-0000-0000-0000-000000000000',11,'ege','physics',80,5100,'platinum'),
  ('a1000005-0000-0000-0000-000000000000','aa000005-0000-0000-0000-000000000000',10,'oge','math',   0,  980,'bronze'),
  ('a1000006-0000-0000-0000-000000000000','aa000006-0000-0000-0000-000000000000',11,'ege','physics',95,6200,'academic'),
  ('a1000007-0000-0000-0000-000000000000','aa000007-0000-0000-0000-000000000000',11,'ege','physics',75,1750,'bronze'),
  ('a1000008-0000-0000-0000-000000000000','aa000008-0000-0000-0000-000000000000',10,'oge','math',   0, 2100,'silver'),
  ('a1000009-0000-0000-0000-000000000000','aa000009-0000-0000-0000-000000000000',11,'ege','physics',88,3400,'gold'),
  ('a1000010-0000-0000-0000-000000000000','aa000010-0000-0000-0000-000000000000',10,'oge','math',   0, 4500,'gold')
on conflict (id) do nothing;

-- ============================================================
-- 4. PARENTS
-- ============================================================

insert into parents (id, profile_id) values
  ('b1000001-0000-0000-0000-000000000000','bb000001-0000-0000-0000-000000000000'),
  ('b1000002-0000-0000-0000-000000000000','bb000002-0000-0000-0000-000000000000'),
  ('b1000003-0000-0000-0000-000000000000','bb000003-0000-0000-0000-000000000000')
on conflict (id) do nothing;

insert into parent_students (parent_id, student_id) values
  ('b1000001-0000-0000-0000-000000000000','a1000001-0000-0000-0000-000000000000'),
  ('b1000002-0000-0000-0000-000000000000','a1000002-0000-0000-0000-000000000000'),
  ('b1000003-0000-0000-0000-000000000000','a1000003-0000-0000-0000-000000000000')
on conflict do nothing;

-- ============================================================
-- 5. TEACHERS & CURATORS
-- ============================================================

insert into teachers (id, profile_id, subjects, bio, rating) values
  ('c1000001-0000-0000-0000-000000000000','cc000001-0000-0000-0000-000000000000','{physics}','Преподаватель физики, 10 лет опыта. Средний балл выпускников — 82.',4.9),
  ('c1000002-0000-0000-0000-000000000000','cc000002-0000-0000-0000-000000000000','{math}',   'Преподаватель математики. Специализация — ОГЭ и база ЕГЭ.',4.7)
on conflict (id) do nothing;

insert into curators (id, profile_id) values
  ('d1000001-0000-0000-0000-000000000000','dd000001-0000-0000-0000-000000000000')
on conflict (id) do nothing;

-- ============================================================
-- 6. COURSES & GROUPS
-- ============================================================

insert into courses (id, title, subject, exam_type, description, price, duration_weeks) values
  ('e1000001-0000-0000-0000-000000000000','ЕГЭ Физика 2025',     'physics','ege','Полный курс подготовки к ЕГЭ по физике.',8000,36),
  ('e1000002-0000-0000-0000-000000000000','ОГЭ Математика 2025', 'math',   'oge','Подготовка к ОГЭ по математике.',6000,30)
on conflict (id) do nothing;

insert into groups (id, name, course_id, teacher_id, curator_id, max_students, schedule_days, schedule_time) values
  ('f1000001-0000-0000-0000-000000000000','ЕГЭ Физика 11А','e1000001-0000-0000-0000-000000000000','c1000001-0000-0000-0000-000000000000','d1000001-0000-0000-0000-000000000000',8, '{tuesday,friday}',    '18:00'),
  ('f1000002-0000-0000-0000-000000000000','ЕГЭ Физика 11Б','e1000001-0000-0000-0000-000000000000','c1000001-0000-0000-0000-000000000000','d1000001-0000-0000-0000-000000000000',8, '{monday,thursday}',   '19:00'),
  ('f1000003-0000-0000-0000-000000000000','ОГЭ Математика', 'e1000002-0000-0000-0000-000000000000','c1000002-0000-0000-0000-000000000000','d1000001-0000-0000-0000-000000000000',10,'{wednesday,saturday}','17:00')
on conflict (id) do nothing;

insert into group_students (group_id, student_id) values
  ('f1000001-0000-0000-0000-000000000000','a1000001-0000-0000-0000-000000000000'),
  ('f1000001-0000-0000-0000-000000000000','a1000002-0000-0000-0000-000000000000'),
  ('f1000001-0000-0000-0000-000000000000','a1000004-0000-0000-0000-000000000000'),
  ('f1000001-0000-0000-0000-000000000000','a1000006-0000-0000-0000-000000000000'),
  ('f1000002-0000-0000-0000-000000000000','a1000007-0000-0000-0000-000000000000'),
  ('f1000002-0000-0000-0000-000000000000','a1000009-0000-0000-0000-000000000000'),
  ('f1000003-0000-0000-0000-000000000000','a1000003-0000-0000-0000-000000000000'),
  ('f1000003-0000-0000-0000-000000000000','a1000005-0000-0000-0000-000000000000'),
  ('f1000003-0000-0000-0000-000000000000','a1000008-0000-0000-0000-000000000000'),
  ('f1000003-0000-0000-0000-000000000000','a1000010-0000-0000-0000-000000000000')
on conflict do nothing;

-- ============================================================
-- 7. ЗАНЯТИЯ
-- ============================================================

insert into lessons (id, group_id, teacher_id, title, scheduled_at, duration_minutes, status, zoom_link) values
  ('a2000001-0000-0000-0000-000000000000','f1000001-0000-0000-0000-000000000000','c1000001-0000-0000-0000-000000000000','Механика: кинематика',        now()-interval '7 days', 90,'completed',null),
  ('a2000002-0000-0000-0000-000000000000','f1000001-0000-0000-0000-000000000000','c1000001-0000-0000-0000-000000000000','Механика: динамика',          now()-interval '3 days', 90,'completed',null),
  ('a2000003-0000-0000-0000-000000000000','f1000001-0000-0000-0000-000000000000','c1000001-0000-0000-0000-000000000000','Термодинамика: основы',       now()+interval '2 days', 90,'scheduled','https://zoom.us/j/demo1'),
  ('a2000004-0000-0000-0000-000000000000','f1000002-0000-0000-0000-000000000000','c1000001-0000-0000-0000-000000000000','Электростатика',              now()-interval '5 days', 90,'completed',null),
  ('a2000005-0000-0000-0000-000000000000','f1000002-0000-0000-0000-000000000000','c1000001-0000-0000-0000-000000000000','Электродинамика',             now()+interval '4 days', 90,'scheduled','https://zoom.us/j/demo2'),
  ('a2000006-0000-0000-0000-000000000000','f1000003-0000-0000-0000-000000000000','c1000002-0000-0000-0000-000000000000','Алгебра: квадратные уравн.',  now()-interval '4 days', 90,'completed',null),
  ('a2000007-0000-0000-0000-000000000000','f1000003-0000-0000-0000-000000000000','c1000002-0000-0000-0000-000000000000','Геометрия: треугольники',     now()+interval '1 day',  90,'scheduled','https://zoom.us/j/demo3')
on conflict (id) do nothing;

-- ============================================================
-- 8. ПОСЕЩАЕМОСТЬ
-- ============================================================

insert into attendance (lesson_id, student_id, present, late) values
  ('a2000001-0000-0000-0000-000000000000','a1000001-0000-0000-0000-000000000000',true, false),
  ('a2000001-0000-0000-0000-000000000000','a1000002-0000-0000-0000-000000000000',true, false),
  ('a2000001-0000-0000-0000-000000000000','a1000004-0000-0000-0000-000000000000',false,false),
  ('a2000001-0000-0000-0000-000000000000','a1000006-0000-0000-0000-000000000000',true, true),
  ('a2000002-0000-0000-0000-000000000000','a1000001-0000-0000-0000-000000000000',true, false),
  ('a2000002-0000-0000-0000-000000000000','a1000002-0000-0000-0000-000000000000',true, false),
  ('a2000002-0000-0000-0000-000000000000','a1000004-0000-0000-0000-000000000000',true, false),
  ('a2000002-0000-0000-0000-000000000000','a1000006-0000-0000-0000-000000000000',true, false)
on conflict do nothing;

-- ============================================================
-- 9. ДОМАШНИЕ ЗАДАНИЯ
-- ============================================================

insert into homeworks (id, lesson_id, group_id, title, description, due_date, max_score, created_by) values
  ('b2000001-0000-0000-0000-000000000000','a2000001-0000-0000-0000-000000000000','f1000001-0000-0000-0000-000000000000','Кинематика: задачи §3',     'Решить задачи 3.1–3.10 из сборника Иродова',now()+interval '3 days',100,'c1000001-0000-0000-0000-000000000000'),
  ('b2000002-0000-0000-0000-000000000000','a2000002-0000-0000-0000-000000000000','f1000001-0000-0000-0000-000000000000','Динамика: законы Ньютона',  'Задачи из сборника, стр. 15–18',            now()-interval '1 day', 100,'c1000001-0000-0000-0000-000000000000'),
  ('b2000003-0000-0000-0000-000000000000','a2000004-0000-0000-0000-000000000000','f1000002-0000-0000-0000-000000000000','Электростатика: конденсат.','Задачи 5.1–5.8',                            now()+interval '5 days',100,'c1000001-0000-0000-0000-000000000000'),
  ('b2000004-0000-0000-0000-000000000000','a2000006-0000-0000-0000-000000000000','f1000003-0000-0000-0000-000000000000','Квадратные уравнения',      'Учебник стр. 45, упр. 1–15',               now()+interval '2 days',100,'c1000002-0000-0000-0000-000000000000')
on conflict (id) do nothing;

insert into homework_submissions (homework_id, student_id, status, score, feedback, submitted_at, checked_at, checked_by) values
  ('b2000002-0000-0000-0000-000000000000','a1000001-0000-0000-0000-000000000000','checked',  78,'Хорошая работа! Задача 3 решена неверно.',       now()-interval '2 days',now()-interval '1 day','c1000001-0000-0000-0000-000000000000'),
  ('b2000002-0000-0000-0000-000000000000','a1000002-0000-0000-0000-000000000000','checked',  95,'Отлично! Все задачи решены верно.',               now()-interval '2 days',now()-interval '1 day','c1000001-0000-0000-0000-000000000000'),
  ('b2000002-0000-0000-0000-000000000000','a1000004-0000-0000-0000-000000000000','submitted',null,null,                                            now()-interval '1 day',null,null),
  ('b2000001-0000-0000-0000-000000000000','a1000001-0000-0000-0000-000000000000','submitted',null,null,                                            now(),null,null)
on conflict do nothing;

-- ============================================================
-- 10. ПРОБНИКИ
-- ============================================================

insert into mock_exams (id, title, subject, exam_type, group_id, date, max_score, created_by) values
  ('c2000001-0000-0000-0000-000000000000','Пробник ЕГЭ #1 (октябрь)','physics','ege','f1000001-0000-0000-0000-000000000000',now()-interval '30 days',100,'c1000001-0000-0000-0000-000000000000'),
  ('c2000002-0000-0000-0000-000000000000','Пробник ЕГЭ #2 (ноябрь)', 'physics','ege','f1000001-0000-0000-0000-000000000000',now()-interval '10 days',100,'c1000001-0000-0000-0000-000000000000'),
  ('c2000003-0000-0000-0000-000000000000','Пробник ОГЭ #1 (октябрь)','math',   'oge','f1000003-0000-0000-0000-000000000000',now()-interval '20 days',32, 'c1000002-0000-0000-0000-000000000000')
on conflict (id) do nothing;

insert into mock_exam_results (mock_exam_id, student_id, score, part1_score, part2_score) values
  ('c2000001-0000-0000-0000-000000000000','a1000001-0000-0000-0000-000000000000',58,35,23),
  ('c2000001-0000-0000-0000-000000000000','a1000002-0000-0000-0000-000000000000',67,42,25),
  ('c2000001-0000-0000-0000-000000000000','a1000004-0000-0000-0000-000000000000',71,45,26),
  ('c2000001-0000-0000-0000-000000000000','a1000006-0000-0000-0000-000000000000',82,50,32),
  ('c2000002-0000-0000-0000-000000000000','a1000001-0000-0000-0000-000000000000',66,40,26),
  ('c2000002-0000-0000-0000-000000000000','a1000002-0000-0000-0000-000000000000',74,46,28),
  ('c2000002-0000-0000-0000-000000000000','a1000004-0000-0000-0000-000000000000',79,49,30),
  ('c2000002-0000-0000-0000-000000000000','a1000006-0000-0000-0000-000000000000',89,55,34),
  ('c2000003-0000-0000-0000-000000000000','a1000003-0000-0000-0000-000000000000',22,15,7),
  ('c2000003-0000-0000-0000-000000000000','a1000005-0000-0000-0000-000000000000',18,12,6),
  ('c2000003-0000-0000-0000-000000000000','a1000008-0000-0000-0000-000000000000',25,17,8)
on conflict do nothing;

-- ============================================================
-- 11. ПЛАТЕЖИ
-- ============================================================

insert into payments (student_id, amount, status, description, due_date, paid_at) values
  ('a1000001-0000-0000-0000-000000000000',8000,'paid',   'Октябрь 2024','2024-10-01','2024-09-30'),
  ('a1000001-0000-0000-0000-000000000000',8000,'paid',   'Ноябрь 2024', '2024-11-01','2024-10-30'),
  ('a1000001-0000-0000-0000-000000000000',8000,'pending','Декабрь 2024','2024-12-01',null),
  ('a1000002-0000-0000-0000-000000000000',8000,'paid',   'Ноябрь 2024', '2024-11-01','2024-10-28'),
  ('a1000003-0000-0000-0000-000000000000',6000,'overdue','Октябрь 2024','2024-10-01',null),
  ('a1000003-0000-0000-0000-000000000000',6000,'pending','Ноябрь 2024', '2024-11-01',null),
  ('a1000004-0000-0000-0000-000000000000',8000,'paid',   'Ноябрь 2024', '2024-11-01','2024-11-01'),
  ('a1000005-0000-0000-0000-000000000000',6000,'paid',   'Ноябрь 2024', '2024-11-01','2024-10-29'),
  ('a1000006-0000-0000-0000-000000000000',8000,'paid',   'Ноябрь 2024', '2024-11-01','2024-10-31'),
  ('a1000007-0000-0000-0000-000000000000',8000,'overdue','Октябрь 2024','2024-10-01',null),
  ('a1000008-0000-0000-0000-000000000000',6000,'paid',   'Ноябрь 2024', '2024-11-01','2024-11-02'),
  ('a1000009-0000-0000-0000-000000000000',8000,'pending','Декабрь 2024','2024-12-01',null),
  ('a1000010-0000-0000-0000-000000000000',6000,'paid',   'Ноябрь 2024', '2024-11-01','2024-10-30');

-- ============================================================
-- 12. XP И ДОСТИЖЕНИЯ
-- ============================================================

insert into leaderboard_points (student_id, points, reason) values
  ('a1000001-0000-0000-0000-000000000000',50, 'homework'),
  ('a1000001-0000-0000-0000-000000000000',20, 'attendance'),
  ('a1000002-0000-0000-0000-000000000000',100,'homework'),
  ('a1000004-0000-0000-0000-000000000000',150,'exam'),
  ('a1000006-0000-0000-0000-000000000000',200,'achievement');

insert into student_achievements (student_id, achievement_id)
  select 'a1000001-0000-0000-0000-000000000000', id from achievements where condition_type = 'homework' limit 1
  on conflict do nothing;
insert into student_achievements (student_id, achievement_id)
  select 'a1000002-0000-0000-0000-000000000000', id from achievements where condition_type = 'score' limit 1
  on conflict do nothing;
insert into student_achievements (student_id, achievement_id)
  select 'a1000006-0000-0000-0000-000000000000', id from achievements where condition_type = 'attendance' limit 1
  on conflict do nothing;

-- ============================================================
-- 13. РЕКОМЕНДАЦИИ
-- ============================================================

insert into recommendations (student_id, text, created_by) values
  ('a1000001-0000-0000-0000-000000000000','Повторить законы Фарадея и Ленца, решить 10–15 задач на ЭМИ',         'cc000001-0000-0000-0000-000000000000'),
  ('a1000001-0000-0000-0000-000000000000','Проработать интерференцию и дифракцию — часто встречается в части 2', 'cc000001-0000-0000-0000-000000000000'),
  ('a1000003-0000-0000-0000-000000000000','Уделить внимание геометрии — результаты по этому разделу низкие',     'cc000002-0000-0000-0000-000000000000');

select 'Демо-данные успешно загружены! Пользователей: 18, учеников: 10, групп: 3' as result;
